accuracy_per_play,latency_per_play,reward_per_play,sequence_per_play
0.4090000092983246,808.6519775390625,0.4795,"[[ 7 48 35 34 12 39 17  9 47  9 34 49  0  0  0  0  0  0  0  0  0  0  0  0
   0  0  0  0  0  0  0]]"
0.414000004529953,910.781005859375,0.4404,"[[24 28 31 41 14  2 21  9 45 30 33 17 14 19 49  0  0  0  0  0  0  0  0  0
   0  0  0  0  0  0  0]]"
0.8740000128746033,471.9010009765625,0.7692,"[[37 25 37 41 35 44  9 33 31 33 22 18 19 41  2 18 36 49  0  0  0  0  0  0
   0  0  0  0  0  0  0]]"
0.8889999985694885,151.54100036621094,0.9024,"[[29 40 34 18 11 11 14  1 45 30  1 32 17 34 35  2 31 39 39 23 48 44 17 11
  18  2 17  3 22 24 39]]"
0.4090000092983246,762.4030151367188,0.498,"[[ 7  7 44  3 30 13 12 43 27 34 32  3  5  8 49  0  0  0  0  0  0  0  0  0
   0  0  0  0  0  0  0]]"
0.8429999947547913,476.8139953613281,0.7569,"[[ 9 16 40 35 17 12 26 44 41 25 28 44 39 48  1  9 39 17 10 17  7 25  5 17
  13  2 23 13 23 29 19]]"
0.40700000524520874,856.7689819335938,0.4596,"[[23  3 38  1 43 37 39  9 36 12 45 25 25 37 38 11 22 35 18 35 20 16 49  0
   0  0  0  0  0  0  0]]"
0.41100001335144043,903.9979858398438,0.4421,"[[ 9 45  9  5 32  1  7 32  7 20  4 46 22 38 48 22 40 49  0  0  0  0  0  0
   0  0  0  0  0  0  0]]"
0.5730000138282776,841.3200073242188,0.5211,"[[38 18 12 25 41  6 15 23 35  2 46 23  8  5 21 43 21 19 49  0  0  0  0  0
   0  0  0  0  0  0  0]]"
0.41200000047683716,857.0419921875,0.4612,"[[20  2  2 30 42 21 40 33 49  0  0  0  0  0  0  0  0  0  0  0  0  0  0  0
   0  0  0  0  0  0  0]]"
0.40299999713897705,1074.1800537109375,0.401,"[[ 1 13 23 15 48 43 42 19 15 13 38 33  8 40 10 31 10 12 21 35  1 36 43 19
  20 18 49  0  0  0  0]]"
0.8090000152587891,560.2639770507812,0.7122,"[[38 37  2 36 36 38 21 16 28 35 41 48 48  2 12 26 48 26 21 29 44 17 49  0
   0  0  0  0  0  0  0]]"
0.4099999964237213,892.8930053710938,0.4462,"[[36 24 20 21  3  5 19 37 48 11  6 28 11  9 19 20 49  0  0  0  0  0  0  0
   0  0  0  0  0  0  0]]"
0.6700000166893005,265.5400085449219,0.7838,"[[ 1 29 37  8 30 37 43 10 25 45 49  0  0  0  0  0  0  0  0  0  0  0  0  0
   0  0  0  0  0  0  0]]"
0.41600000858306885,919.760009765625,0.4374,"[[38  7  5 48  6 23 14 39 18  4  6 41 23 23 49  0  0  0  0  0  0  0  0  0
   0  0  0  0  0  0  0]]"
0.4090000092983246,898.2069702148438,0.4437,"[[26  1 21 40  7  3 45 24  4  1  3  4 10 45  8 11 18 17 22 46 43  6 13  9
  27 23 26 14 10  7 45]]"
0.4090000092983246,876.0859985351562,0.4526,"[[ 3 15 29 22 18 14 28 17 35 38  8 45  2 21  5 37 29  3  1 30 15  4 45 10
  20 26 49  0  0  0  0]]"
0.8989999890327454,404.77801513671875,0.8044,"[[32 44 39 38 47 20 24 48 34 10 14  9  8 47 45  1 22 25 49  0  0  0  0  0
   0  0  0  0  0  0  0]]"
0.4099999964237213,786.3259887695312,0.4888,"[[10 44 34 42 23 30 20 30  8 18 41  6 14 16  2 46 36 15  1 14 19 32 39 27
  49  0  0  0  0  0  0]]"
0.40799999237060547,833.8400268554688,0.4691,"[[24 42 41 23 34 11  4 15 30 38 14  4 21 44 41 24 47 30 42 41 21 48  9 30
  44  6 15 12 38  2 38]]"
0.4129999876022339,850.8159790039062,0.464,"[[18 15 29 32 24 15  9 12 35 49  0  0  0  0  0  0  0  0  0  0  0  0  0  0
   0  0  0  0  0  0  0]]"
0.40400001406669617,839.7540283203125,0.4654,"[[15 48 34  8 45 28 20 48 37  7 31 18  1 27  5 36 23  3 33 46  1 47 16 16
   3  8 11 38 49  0  0]]"
0.8080000281333923,705.0280151367188,0.654,"[[ 3 32 45 43 39 26 35 39 15 48  6 46  1 22 48  1 49  0  0  0  0  0  0  0
   0  0  0  0  0  0  0]]"
0.41100001335144043,629.677978515625,0.5518,"[[16  1 38 27  7 37 38 37 29 17 37 35  1 11  4 25  7 28 43  2  1 26 27 34
   1 13 18 29 40 45 20]]"
0.40400001406669617,886.0579833984375,0.4469,"[[24 47  8 31 23 21 36 32 13  7  4 40 35 11  1 36 13  2 49  0  0  0  0  0
   0  0  0  0  0  0  0]]"
0.41100001335144043,884.6320190429688,0.4498,"[[26 15 44 27 19 48 41 28 11 37 29 48 40 25 23 47  6 14 43 13 42 21 17  2
  18 30 41 16 10 11 47]]"
0.8930000066757202,360.6669921875,0.8201,"[[ 1  6 39 47  2 32 39 41 22 10  8 29 36  7 49  0  0  0  0  0  0  0  0  0
   0  0  0  0  0  0  0]]"
0.40700000524520874,851.5640258789062,0.4617,"[[34 23  7 45 45 46 15 47 15 49  0  0  0  0  0  0  0  0  0  0  0  0  0  0
   0  0  0  0  0  0  0]]"
0.8799999952316284,79.63899993896484,0.9281,"[[14 42 48  7 38 46 29  1 10 39 21  3 28  4 30 28 34 16 39 49  0  0  0  0
   0  0  0  0  0  0  0]]"
0.8190000057220459,244.18499755859375,0.842,"[[ 3 10 11 11  7 47 42  8 34 36 34  2 26  2 38 49  0  0  0  0  0  0  0  0
   0  0  0  0  0  0  0]]"
0.4050000011920929,577.926025390625,0.5705,"[[40 43 15  2 46 26 17 13 15 21  5 30  4 27 30 24 15 11 31 47 46 31  1 36
   7 26 16 32 32  3 30]]"
0.4129999876022339,626.635986328125,0.5537,"[[16 35 25 25 47  9 27  8 49  0  0  0  0  0  0  0  0  0  0  0  0  0  0  0
   0  0  0  0  0  0  0]]"
0.8740000128746033,649.8140258789062,0.6981,"[[ 4  7 15 30  1  1 25 16 43 48 13 38 27 25 41 43 27 12 21 42  1 29 30 30
  21  2 24 48 22  6 32]]"
0.4000000059604645,926.8150024414062,0.4293,"[[13 22 16 19 48 31 15 21 26  9 40 25  4  4 38 48  3 47 23 22 38 30 35 17
   7 16 45  5 45 18  2]]"
0.7960000038146973,87.38500213623047,0.897,"[[ 2 36  4 39 25 46  9 39 13 43 22 12 49  0  0  0  0  0  0  0  0  0  0  0
   0  0  0  0  0  0  0]]"
0.4059999883174896,991.7899780273438,0.4053,"[[22 39 22 20 22 17  1 35 49  0  0  0  0  0  0  0  0  0  0  0  0  0  0  0
   0  0  0  0  0  0  0]]"
0.6710000038146973,1178.9720458984375,0.4903,"[[ 2 17 25 39 31  3 13 39 21 46 39 29 19 39 20 44 28  1 32 12 22 43 15  1
  21 37 44 18 19 17 39]]"
0.40400001406669617,1243.5419921875,0.4013,"[[20 46 23 35 42  9 16 21 19 12 26 37 42 33 23 27  4 26 20 24 42 35 10 12
  22 12 41 19 14 23 48]]"
0.4009999930858612,858.3870239257812,0.457,"[[15  8 45 47  1  2 17  8  8 12 28 32 49  0  0  0  0  0  0  0  0  0  0  0
   0  0  0  0  0  0  0]]"
0.8960000276565552,1154.4110107421875,0.5653,"[[ 7 46 16 38 45  8  4 40 17 37  2 15 39 47 46 18 22 42 29  1 20  6 14 30
  18 21 24 30 45 46 38]]"
0.8830000162124634,225.6269989013672,0.8707,"[[26 40  3 36 44 44 29 20 17 37 29  1 46 44 26  3 30 11 29 35 11 23 47 28
  38  2 15 14 19 46 16]]"
0.6299999952316284,326.4230041503906,0.7461,"[[38 39 18 29 14  1  7  1 23  3  6  4 30 30  8 49  0  0  0  0  0  0  0  0
   0  0  0  0  0  0  0]]"
0.875,99.1500015258789,0.9187,"[[33 43  6 34 47  1 26 28 14  2 16  5 24  5 24 43  9 41 13 27 10 10 43 45
  13 43 29 41  7 36 36]]"
0.41200000047683716,973.2109985351562,0.4147,"[[27  3 25 23 20 37  6  7 29 36  4  5  6 12 11 17 23 11 15 38 21 36 30 35
  44 36 18 20 36 10 42]]"
0.41200000047683716,756.1530151367188,0.5015,"[[37 42 13 29 46 20 20 16 44  4  1 47 23  7 43  4 49  0  0  0  0  0  0  0
   0  0  0  0  0  0  0]]"
0.39899998903274536,1061.240966796875,0.4,"[[10 20 23 44 10  1 41  1 20 45 15  5 15 44 10  3 35 19 29 17  5 22 22 23
   8 30  8 22 26 22  4]]"
0.41600000858306885,424.97900390625,0.6353,"[[28  7 12 15  8 30 16 49  0  0  0  0  0  0  0  0  0  0  0  0  0  0  0  0
   0  0  0  0  0  0  0]]"
0.414000004529953,547.9959716796875,0.5855,"[[26 43  9  1 12 43 27 32  5 38 12 24 10  2 19  1 41 39 38 20 42  1  8 17
   3 42  2 27  8 14 27]]"
0.4230000078678131,280.80499267578125,0.6953,"[[34 20 41  8 34 16  2 28 30 49  0  0  0  0  0  0  0  0  0  0  0  0  0  0
   0  0  0  0  0  0  0]]"
0.8899999856948853,108.41500091552734,0.92,"[[27  4 16  6 10 10 10  6 49  0  0  0  0  0  0  0  0  0  0  0  0  0  0  0
   0  0  0  0  0  0  0]]"
0.8309999704360962,84.03800201416016,0.9101,"[[ 5 40  5  8 38 38 39 48 26 48  1 34  6  1 45 40 25 30 15 36 28  2 22 21
  30 26 13 47 17  8  7]]"
0.8629999756813049,174.64300537109375,0.8845,"[[33  3 16  7 41 31 37  9 46 14 22  8 39  8 33 41 15  4  1 24  4 47 27 39
   1 44 20 44 11 47 18]]"
0.39899998903274536,1000.5239868164062,0.4,"[[17 42 28  1 11 12 46 15 25 15 26 23  6 13  1 20 37 17  1 21  9 49  0  0
   0  0  0  0  0  0  0]]"
0.40700000524520874,1083.77099609375,0.4023,"[[19  9 24 47 45 17 32 48 16 20 45 28 37 23 43 15  9 11 16  7  4 49  0  0
   0  0  0  0  0  0  0]]"
0.40400001406669617,904.3820190429688,0.4396,"[[17  4 44  4  1 37  1 19 46  5 45 29 40 49  0  0  0  0  0  0  0  0  0  0
   0  0  0  0  0  0  0]]"
0.40799999237060547,1350.9599609375,0.4027,"[[17 26  2 12 10 25 19 48  7 12 20 44 13 31 36 12 33 27  9 45 39 30  3 13
  24 14 29 15  9 17 24]]"
0.421999990940094,863.1320190429688,0.4621,"[[16  6 19 30 32 20  3 24 30 48 27 21 19 30 45 39 49  0  0  0  0  0  0  0
   0  0  0  0  0  0  0]]"
0.4050000011920929,1360.68896484375,0.4017,"[[19 48 39 28  1  1  4 40 14 22 15 35 16  2 24 21 45  1 19 26 46 19 47 32
  43  7 16 20 23 43 27]]"
0.40299999713897705,910.4439697265625,0.4368,"[[17 33 44  3 24  3 33 31 45 13 31  8 36 49  0  0  0  0  0  0  0  0  0  0
   0  0  0  0  0  0  0]]"
0.48100000619888306,182.88499450683594,0.7538,"[[ 1 14 34 20 48  4 31  9 49  0  0  0  0  0  0  0  0  0  0  0  0  0  0  0
   0  0  0  0  0  0  0]]"
0.4129999876022339,430.6189880371094,0.6321,"[[18  1 43 15 32 30 39 45 10 10  2 32 26 42  4  3 23 20 36  1 19 30 18  1
  30 45 27 16 23 22 39]]"
0.40400001406669617,877.7440185546875,0.4502,"[[22 13 19 22 20 19 22 22 36  1 18  9  1 12 43  5 18 36 47 20  3  9 43  4
  29 46 35 22 39 10  9]]"
0.40799999237060547,650.14599609375,0.5426,"[[38  3 36 45  3 27 40 37 28  4 23  6 39  5 40 19  5  1 42 19 32 33  6 33
  15 19 32 23  8 27 43]]"
0.6570000052452087,714.8889770507812,0.5997,"[[ 1 11 31  8 33  9 17 36 21  1 47  7 45 19 13 18 26 46 26 22  8 42 49  0
   0  0  0  0  0  0  0]]"
0.40299999713897705,806.56298828125,0.4784,"[[28 23 22 38  4 32 22 28 21 28 36 29  8  7 30 18  1  1 19  1 47 49  0  0
   0  0  0  0  0  0  0]]"
0.4090000092983246,853.094970703125,0.4618,"[[ 7 35 23 43 25 17 45  9  5 46 29 44 16 48 43 40 16 16 14 43 15 34 45  6
  11 26 30 27  4  1 13]]"
0.7910000085830688,514.2919921875,0.7246,"[[ 8  5 17 31 41 39  1 29 49  0  0  0  0  0  0  0  0  0  0  0  0  0  0  0
   0  0  0  0  0  0  0]]"
0.40799999237060547,960.2039794921875,0.4186,"[[17  1 26 26  5 13  3 39 40 39 23 11 25 38 39 36  1 49  0  0  0  0  0  0
   0  0  0  0  0  0  0]]"
0.5690000057220459,84.94499969482422,0.8224,"[[34 30 12 37 48 36 45 48  1 25  2 13 20  8 49  0  0  0  0  0  0  0  0  0
   0  0  0  0  0  0  0]]"
0.8920000195503235,101.8010025024414,0.9233,"[[30 39  9 26 36 41 35 25  1 25 30 31 20 16 21 41 39 36  1 39  9 33  3 17
  46 45 38 29  2  2 29]]"
0.4090000092983246,782.0989990234375,0.4902,"[[ 1 30 46 13  6 26 19 38 10 36 31  8 48 42 47 38 40 32 48 39 23 49  0  0
   0  0  0  0  0  0  0]]"
0.40799999237060547,1092.6629638671875,0.4027,"[[15  9  8  3 41 34 11  7 15  5 48 23  1 48 46 31  1 33 44 20 23  3 14 40
  38 30 47  4  7 11 21]]"
0.47200000286102295,138.6580047607422,0.7685,"[[33 29 26 38 39  2 46 29 25 49  0  0  0  0  0  0  0  0  0  0  0  0  0  0
   0  0  0  0  0  0  0]]"
0.765999972820282,439.6610107421875,0.7461,"[[29 26 14  1 21 45 39  6 41  1  3 10 42  8 27  1 47  5 36 48 20 14 17 46
   7 11 27 36 45  6 35]]"
0.4000000059604645,826.323974609375,0.4695,"[[12 23  3 10 34 40 29 11  5 32 47 40 30 13 36 49  0  0  0  0  0  0  0  0
   0  0  0  0  0  0  0]]"
0.8880000114440918,818.5430297851562,0.6352,"[[ 3 20 42  8  1  6 11 12 33 24  7 15  4 15 43 38 48 26 11 22 46 39 11 13
  16 13  5  1 38 43 33]]"
0.4099999964237213,856.8060302734375,0.4606,"[[16 45 22 34 48  2  2 15  2 49  0  0  0  0  0  0  0  0  0  0  0  0  0  0
   0  0  0  0  0  0  0]]"
0.4059999883174896,860.9810180664062,0.4576,"[[24 38 15 25 47 41  4 13 40 31 49  0  0  0  0  0  0  0  0  0  0  0  0  0
   0  0  0  0  0  0  0]]"
0.40799999237060547,810.1400146484375,0.4786,"[[26 39 23 10 30 47 34  2 40 31 41 34  5  9 21 46 48  6 35 39  8 30  6 44
  41 45 29 24 22 38  2]]"
0.40700000524520874,978.89697265625,0.4108,"[[21 20 42 30 36 23 16 49  0  0  0  0  0  0  0  0  0  0  0  0  0  0  0  0
   0  0  0  0  0  0  0]]"
0.4129999876022339,734.2360229492188,0.5106,"[[38 39 15 46 41 42 35 38 32 11 29 36 34  8  1 18 13 10 14 13 49  0  0  0
   0  0  0  0  0  0  0]]"
0.878000020980835,123.27200317382812,0.91,"[[32 33 28  6 44 31 38  7 13 21  9  3 29 35 41 43 30 40 49  0  0  0  0  0
   0  0  0  0  0  0  0]]"
0.4050000011920929,929.4000244140625,0.4299,"[[21 21  6 41 39  3  2 39  9 18 29 48 36 47  7 31 49  0  0  0  0  0  0  0
   0  0  0  0  0  0  0]]"
0.4090000092983246,894.2119750976562,0.4453,"[[19  5 12 39 27 39 26  7 22 15  1 48 19 40  7  1 22 47 49  0  0  0  0  0
   0  0  0  0  0  0  0]]"
0.4059999883174896,991.8720092773438,0.4053,"[[ 2 17 40 33 13 23 30 32 20 23 44 33 49  0  0  0  0  0  0  0  0  0  0  0
   0  0  0  0  0  0  0]]"
0.7129999995231628,209.44200134277344,0.8206,"[[42 28 24 37 34 10  9 15 12 42 25 47 43 43 24 46 24 41 11 43 10 18 41 47
   1 18 36 12  6 20  7]]"
0.4090000092983246,979.739013671875,0.4111,"[[20 34  1 16 15 45 46 17 10 15  3 36 49  0  0  0  0  0  0  0  0  0  0  0
   0  0  0  0  0  0  0]]"
0.41100001335144043,599.1320190429688,0.564,"[[27  9 14 43 15 21 27  9  5 16  4 44  8 27 20  5 26 33 31 35 14 47 29 45
  38 21  5 39 36 24  1]]"
0.41100001335144043,874.7109985351562,0.4538,"[[ 9 16 46  6 34 31 23 45 49  0  0  0  0  0  0  0  0  0  0  0  0  0  0  0
   0  0  0  0  0  0  0]]"
0.42100000381469727,209.822998046875,0.7231,"[[40  5  4 35 17  9  6 13  9  8 21 38  9 17  7 11 30 41 42 19  9  2 23 27
   6 35 38 41 20 44 48]]"
0.4050000011920929,813.1610107421875,0.4764,"[[22 15 44  7 36  6 46 38  2 12 48  9 18  6 28  8 49  0  0  0  0  0  0  0
   0  0  0  0  0  0  0]]"
0.878000020980835,341.2239990234375,0.8228,"[[33  6 42 45 40  1  7 43 47 31  6 47 39  9 17 39  1 21 39 27 38 21 29 27
  34 24 19 47 13 49  0]]"
0.4050000011920929,705.9140014648438,0.5193,"[[37 13 12 39 16  3 32 23 44 43  3 46 40 27 16 28 35 14 24  3 44 21 14  2
   2 39 32  4  3 36 49]]"
0.40299999713897705,634.531005859375,0.5472,"[[ 5 35  1 27  7 20  8 44 44 23 37 48 24 16 15 21  8 23  7 30 40 43  3 24
  22 18 44 36 43 19 41]]"
0.4009999930858612,831.4869995117188,0.4677,"[[35 23 24 36 45  8 22  2 20 49  0  0  0  0  0  0  0  0  0  0  0  0  0  0
   0  0  0  0  0  0  0]]"
0.40700000524520874,892.2849731445312,0.4454,"[[21  8 37 10 20 29 35 32 17 49  0  0  0  0  0  0  0  0  0  0  0  0  0  0
   0  0  0  0  0  0  0]]"
0.859000027179718,248.68800354003906,0.8535,"[[35  3  2 41 47 11 43 49  0  0  0  0  0  0  0  0  0  0  0  0  0  0  0  0
   0  0  0  0  0  0  0]]"
0.40400001406669617,593.4359741210938,0.564,"[[15 25 13  2 35 36 36 13 29  7  5 10  9 17 27 38 46 10 47 10  9 37 28  1
  38 26  1  4 41  8  1]]"
0.41200000047683716,199.01699829101562,0.7244,"[[28  6 35 34 26 37 45 37 29 29 29 23 23 30 45 43 15 32 10 40 35  1 35 29
  41 12 15 19  9  7  5]]"
0.40400001406669617,845.530029296875,0.4631,"[[25 21  8 45 24 40 13 18 14 43 40 27  6 49  0  0  0  0  0  0  0  0  0  0
   0  0  0  0  0  0  0]]"
0.4059999883174896,1116.427001953125,0.402,"[[21 46 41 34 40 21 37 36  9 48 27 47 24  1  1 44 37 13 39  9 12 32  8 33
   2 24 20  4  1 23 18]]"
0.41499999165534973,819.572998046875,0.4772,"[[36 24 20 16 11 40  5 30 26  9 45 42 38 23 43 41 17 10 11  2 43 36  5  1
  44 47 43 27 18 29 20]]"
0.41200000047683716,884.6680297851562,0.4501,"[[35  5 28 21 14 32 28 46 17  8 44  9 35 33  6  5  1 11 33 48 36 20 23 39
  49  0  0  0  0  0  0]]"
0.4129999876022339,234.156005859375,0.7107,"[[ 4 34 28 15 20 32 17 35 37 23 15 31 21 38 27 17 16 17 23 33 41 26 42 49
   0  0  0  0  0  0  0]]"
0.4129999876022339,849.56201171875,0.4645,"[[27 16 32 24 23 47 21 36 40 43 19 36 13 23 11 36  9 47 22 43  1  3 11 38
   6 39 40 49  0  0  0]]"
0.4099999964237213,835.27099609375,0.4692,"[[11  3 15  1 31 16 32 28 31 29 48 36  5 34 49  0  0  0  0  0  0  0  0  0
   0  0  0  0  0  0  0]]"
0.4059999883174896,1035.987060546875,0.402,"[[ 9 21 11 46 23 26 27 40 30 48 22 11 17  1 23 14  5 32 11 23 46 17 46 32
   2 49  0  0  0  0  0]]"
0.7630000114440918,750.0230102539062,0.621,"[[30 32  9  8 43 26 12 39 47 29  7 31 28 42  9 34 44 21 12 44 49  0  0  0
   0  0  0  0  0  0  0]]"
0.7160000205039978,317.6400146484375,0.7783,"[[37 27 26  9 43 45 39  9  9 43 48  5 22 31 17  3 23  7 36 48 10 42 41 49
   0  0  0  0  0  0  0]]"
0.75,729.1539916992188,0.625,"[[14 11  9 40 15  1 13 24 34 14 12 27 24 35 41 18 33 49  0  0  0  0  0  0
   0  0  0  0  0  0  0]]"
0.765999972820282,325.10400390625,0.792,"[[ 2 31  9 48 21 12 15 29 13  3 37 24 38 34  5  1  6  6 42 20 47 15 43 15
  42 21 44  9 49  0  0]]"
0.4050000011920929,355.45599365234375,0.6595,"[[25  5  7 16 42 47  4  2 23 28 37 15 30 31 19 17  1 49  0  0  0  0  0  0
   0  0  0  0  0  0  0]]"
0.4099999964237213,376.7850036621094,0.6526,"[[37 34  1 29 15 43 15 46  2 15 28 49  0  0  0  0  0  0  0  0  0  0  0  0
   0  0  0  0  0  0  0]]"
0.40700000524520874,1556.071044921875,0.4023,"[[ 1 17 22 23 25 46 38  1 15 43 12 33 46  1 42 40  8 32 30  4 47  3 48 27
  25 19 23 15 14 17 23]]"
0.4090000092983246,807.2960205078125,0.4801,"[[38  3 38 17 38 38  5 34 48 41 38 26 11 25 42 21 47 15 43 20 36  1 34 40
   2 49  0  0  0  0  0]]"
0.40400001406669617,832.3040161132812,0.4684,"[[23 34 23 35  1 23 38 12 41  3  6  3  8 39 46 22 12 15 10 33  8 36 15  2
  41  1 44  9 36 47 41]]"
0.4050000011920929,928.9089965820312,0.4301,"[[24 21 22 34 32 15 27 49  0  0  0  0  0  0  0  0  0  0  0  0  0  0  0  0
   0  0  0  0  0  0  0]]"
0.4099999964237213,810.4119873046875,0.4792,"[[34 22 36  8 36 41 26 15 40  3 49  0  0  0  0  0  0  0  0  0  0  0  0  0
   0  0  0  0  0  0  0]]"
0.4050000011920929,849.9749755859375,0.4617,"[[ 1 21 34 32 32 27  1 49  0  0  0  0  0  0  0  0  0  0  0  0  0  0  0  0
   0  0  0  0  0  0  0]]"
0.41200000047683716,683.0679931640625,0.5308,"[[37 28 46 33 44 14 42 18 43  8 15 16 11  1 14 11 49  0  0  0  0  0  0  0
   0  0  0  0  0  0  0]]"
0.4580000042915344,590.0399780273438,0.5833,"[[ 1 42 46 40 13 11 22  2 49  0  0  0  0  0  0  0  0  0  0  0  0  0  0  0
   0  0  0  0  0  0  0]]"
0.746999979019165,800.8870239257812,0.5953,"[[ 1 45  4 40 25 24 45 36 11 46 45 43 28 25 23 48 40 39  2 20 24 49  0  0
   0  0  0  0  0  0  0]]"
0.4099999964237213,878.4400024414062,0.452,"[[38  3 34 21 22 21  5 38 29 49  0  0  0  0  0  0  0  0  0  0  0  0  0  0
   0  0  0  0  0  0  0]]"
0.8629999756813049,250.34300231933594,0.8542,"[[ 2 25  4 46 18 36 21 29 34  1 11 28 32 17 26 13  1 39  6 49  0  0  0  0
   0  0  0  0  0  0  0]]"
0.906000018119812,236.593994140625,0.874,"[[ 6 46 27 31 31 37 27 37 47 49  0  0  0  0  0  0  0  0  0  0  0  0  0  0
   0  0  0  0  0  0  0]]"
0.4090000092983246,869.739990234375,0.4551,"[[ 9  9 44 16 44 10 13  1 41 45 14  1 46 26 41 46  6 44  5 25  6 17 15  1
   2 30  5 27 49  0  0]]"
0.40700000524520874,768.0980224609375,0.4951,"[[36 30 29 28 46 21 38  6 48 28  1 39 12 26 40 37 16  5 27 49  0  0  0  0
   0  0  0  0  0  0  0]]"
0.40299999713897705,1154.6500244140625,0.401,"[[17 40 43  1 15 43 22 37 24  9 29 48 25 25  1 11 19 30  9 15 22 44  3 34
  46 37 17  4 45 36 44]]"
0.40799999237060547,845.8079833984375,0.4643,"[[26 32 21 40 31  1  3 27 47 48 46 47 10 46 11 37 41 46 25 44 42  1 31  1
  24 14 49  0  0  0  0]]"
0.4050000011920929,855.448974609375,0.4595,"[[17 15  9 26 38 25  6 25 36 46  9  3 42  2 11 10 46  7  3  8 35 49  0  0
   0  0  0  0  0  0  0]]"
0.8629999756813049,266.5369873046875,0.8477,"[[28 12 14 30 42 46 19 11  2 16 46 35 49  0  0  0  0  0  0  0  0  0  0  0
   0  0  0  0  0  0  0]]"
0.7620000243186951,691.7310180664062,0.644,"[[18 43 44 30 36 18 17 32 43  1 41 39 34 48 24  2  5  5 32 27 17 20 49  0
   0  0  0  0  0  0  0]]"
0.4059999883174896,780.77197265625,0.4897,"[[28  1  1 46 10 45 27  2 12 26 39 28  8 32 29 30 28 22  7 14 39 24  1 47
   4 44 49  0  0  0  0]]"
0.8880000114440918,507.5780029296875,0.7596,"[[26  3 27 42 30 38 11  9  1 30 39 41 29 42 39  9 10 20 48 30 27 36  6 10
  18 29 30 15 39 42  6]]"
0.7680000066757202,203.62899780273438,0.8412,"[[ 1 28 33 46  1  6 36 32 41 29  2 24  9 32  5 33 11 38 21 12 29 16 15  7
  49  0  0  0  0  0  0]]"
0.4099999964237213,688.427978515625,0.528,"[[ 5 12 10 16  7 43  7 13 26  1 34 40 10  7 24 22 38 23 47 18  5 18 12 26
   7 11 10 24 18 16 12]]"
0.41200000047683716,756.833984375,0.5013,"[[13 39 48 11  1 46  3 46 28 36  3  6 17 16 29 21 43 48  4 45 13 32  5 32
  10 40 15  7 42 45  2]]"
0.4099999964237213,882.635009765625,0.4503,"[[19 19 33 46 15 35 38  1 34 36  3 44 28 24 37 14 37 20 49  0  0  0  0  0
   0  0  0  0  0  0  0]]"
0.4099999964237213,882.6749877929688,0.4503,"[[37 46 31 21 13  7 21 14  3 30 31 46 41 18  3 43 28 48 44 34 15 32 49  0
   0  0  0  0  0  0  0]]"
0.41200000047683716,836.801025390625,0.4693,"[[32 15  1 39 44 10 36 34 41 20 43  7 20  1  1 29 48 15  8  9 41 46 49  0
   0  0  0  0  0  0  0]]"
0.878000020980835,663.4879760742188,0.6939,"[[26  9  8 15 37 35  5 40 40 24 31 15 37 46 49  0  0  0  0  0  0  0  0  0
   0  0  0  0  0  0  0]]"
0.4099999964237213,907.31298828125,0.4404,"[[22 26 44 14 44 34 42  7  1 40 21 24 48 29 29 34 20 14 26  3 30 14 22 47
  37 38 35 13  3 49  0]]"
0.4059999883174896,703.2420043945312,0.5207,"[[ 7 22 46 43 11  9 28 37 33  7 31 34 12  8  4 11 38 19 41 41 39  2 43 19
  35 13 42 20  3  1 10]]"
0.40299999713897705,1000.8389892578125,0.401,"[[22 48 31 39 37 45  1 13  8 31 45  6 45 12 45 41  3  2 21 20 44 39 45 27
  48  6 20 16  1 13 42]]"
0.414000004529953,241.9429931640625,0.7079,"[[38  7 35 28 40 26 22  7 43 11 46 42 21 38 27 14 27 37 42 28  9 36 19 15
  22  1  9  7 30 11 30]]"
0.4020000100135803,867.8070068359375,0.4535,"[[27 27 21 28 31 11  7 42  2 13 45 31 45 18  1 26  5  1 39 21 33 14 47 49
   0  0  0  0  0  0  0]]"
0.4059999883174896,934.739013671875,0.4281,"[[23  4 44 19 42 17 14 24  6 29 13  2  7  1 20 43  8  8 49  0  0  0  0  0
   0  0  0  0  0  0  0]]"
0.4390000104904175,242.3470001220703,0.7161,"[[25 41 43 47  7  1 23 14 30 37 12 44 41 41 27 11  2  1 47 20 42  3 43 46
  31 19 35 35 23  4  7]]"
0.3869999945163727,501.1669921875,0.5995,"[[ 2  4 47 32 25 36 20 23 28 38 14 35 32  1 36 42 21 38 33 20 38  2  8 21
  14  2 42  2 14 45 36]]"
0.8830000162124634,180.05599975585938,0.889,"[[37  2  1 19  4 16 18 13 35 30  3 40 30 42 12 13 20 49  0  0  0  0  0  0
   0  0  0  0  0  0  0]]"
0.8880000114440918,252.12600708007812,0.8618,"[[42 11  3  4 33 14  7 44 12 43 28 26 40 46  9 35 24 44  3 35 24 42  3  2
  47  8 20 47 41  5 29]]"
0.40299999713897705,988.0789794921875,0.4058,"[[17 31 25 23 31 36 14 21 31 45 17 40 28 18 47 10 38 26 18  1 29 23 39  3
  41 23 36 38  7 39 44]]"
0.4020000100135803,1123.550048828125,0.4007,"[[23  5 36  9 42 13 23 30 46 48 30 19 22 27 42 37  9  4  2 15 13 39  7 35
  44 22 14  2 39 21 30]]"
0.878000020980835,489.7170104980469,0.7634,"[[18  3 44 44 20  3  4  1 30 18 13 39  1  3 18  9 12 25  6 45 22 23 15 23
  49  0  0  0  0  0  0]]"
0.4090000092983246,943.8350219726562,0.4255,"[[ 9 15  5 22  8 41 10 32  1 37 44  1 43 44  1 23 44 49  0  0  0  0  0  0
   0  0  0  0  0  0  0]]"
0.41100001335144043,834.52001953125,0.4699,"[[12 47 28 15 44 19  6 49  0  0  0  0  0  0  0  0  0  0  0  0  0  0  0  0
   0  0  0  0  0  0  0]]"
0.4090000092983246,891.9450073242188,0.4462,"[[ 1 15 40 28 17  5 13  1 44 39 20 49  0  0  0  0  0  0  0  0  0  0  0  0
   0  0  0  0  0  0  0]]"
0.41100001335144043,868.260009765625,0.4564,"[[ 7 47 29 15 36 36  1  2 37 30 23 25 15 37  7  3 15 22 47 37 49  0  0  0
   0  0  0  0  0  0  0]]"
0.40799999237060547,823.6539916992188,0.4732,"[[38 33  3  1 13  8 14 45  3  4 45 39 41 11 40 44 41 13  7 15  4 49  0  0
   0  0  0  0  0  0  0]]"
0.8650000095367432,832.927001953125,0.6218,"[[41 20 20 37 25 46 17 38 40 34 49  0  0  0  0  0  0  0  0  0  0  0  0  0
   0  0  0  0  0  0  0]]"
0.41100001335144043,548.051025390625,0.5844,"[[38 39 27 48  7  3  2 21  2 21 40 49  0  0  0  0  0  0  0  0  0  0  0  0
   0  0  0  0  0  0  0]]"
0.8970000147819519,124.30000305175781,0.9159,"[[42 35 43 47 32 15 47 24 36 14 31 44 37 39 28 29 38  5 22 22 42 44  1 48
  45 11 46  9  1 24 21]]"
0.4410000145435333,831.3060302734375,0.4811,"[[12 16 15 24 46 43 45  2 17  1  1 49  0  0  0  0  0  0  0  0  0  0  0  0
   0  0  0  0  0  0  0]]"
0.8119999766349792,892.4650268554688,0.5803,"[[ 8 13 17  5 19 14 12 26 47 35 28 25 36 11 26  9 34 42 15 16 14 32 16 18
  29 47 19 47  8  3 25]]"
0.7419999837875366,1052.612060546875,0.514,"[[35 22  8 33 38 32  2 46 47 41 32 48 43 24 32 42 10 36 48  1  5 26 46 27
  22 18 19 19 47 11 42]]"
0.9010000228881836,243.51499938964844,0.8696,"[[ 6 47 36 43 42 24 32 44  3 14 44 24 45 49  0  0  0  0  0  0  0  0  0  0
   0  0  0  0  0  0  0]]"
0.414000004529953,805.3980102539062,0.4825,"[[ 1 32 21 28 42 33 36  1 48 20 43  3  9 37 49  0  0  0  0  0  0  0  0  0
   0  0  0  0  0  0  0]]"
0.40700000524520874,873.9000244140625,0.4528,"[[24 31  9 19 37 12 11 36 21 47 33 11 13 36 44 31 49  0  0  0  0  0  0  0
   0  0  0  0  0  0  0]]"
0.4050000011920929,1123.5870361328125,0.4017,"[[24 45 30  4 11 48 32  2 37  6  3 26 42  9 27 39  8 24  1 35 10  8 18 10
  12 17 11 15 47 23 30]]"
0.8970000147819519,98.75800323486328,0.9262,"[[10 32  4 44  6 19 46 38 19 46 31  3 15 40 12 11  1  5 13 11 42  9 29 11
  22 13 17 39 30 41  1]]"
0.41100001335144043,694.2680053710938,0.526,"[[36 38 13 14  1 43 46 23 27 14  1 32  1 45 41 31 21 16 39 49  0  0  0  0
   0  0  0  0  0  0  0]]"
0.7020000219345093,700.6220092773438,0.6204,"[[26 11 29 42 47 27 19 28 11 27 27  5 18 11  9 11 12  8  5 39 17 17  3 37
  41 33 26 20 39  3 12]]"
0.8579999804496765,573.2230224609375,0.7234,"[[33  5 13 38 28 22 35 30 15  1 45 36 33 34 25  1 47 32 26 22 39  5  9 46
   5 27 12  4 39 30 26]]"
0.8730000257492065,389.9549865722656,0.8017,"[[25 18 11 29  1 48 34 46  5 11 48 37  1 29 20  8  9 33 21 27 17 29 31 49
   0  0  0  0  0  0  0]]"
0.4009999930858612,1319.0009765625,0.4003,"[[23 23 35  6 29 13 11 26 36 26 22  7 30 19 10 31 22  7 30  9 24 14 24 38
  47 43 11  3 22 20 44]]"
0.4099999964237213,883.64599609375,0.4499,"[[30 47 17 41 35  1  1 46 23 32 11 23 11 34 36 28 10  6 15 49  0  0  0  0
   0  0  0  0  0  0  0]]"
0.8960000276565552,490.156005859375,0.7693,"[[42  5 46 35  8 43  5 17 18  9 33 35 26 49  0  0  0  0  0  0  0  0  0  0
   0  0  0  0  0  0  0]]"
0.5630000233650208,264.9169921875,0.7484,"[[ 5 34 47  1 10 33  2 49  0  0  0  0  0  0  0  0  0  0  0  0  0  0  0  0
   0  0  0  0  0  0  0]]"
0.40700000524520874,753.1170043945312,0.5011,"[[11 48 29 19 18 15 45 11  8 43  7 26 11 30 23  1 19  3 17 46 49  0  0  0
   0  0  0  0  0  0  0]]"
0.7990000247955322,484.7969970703125,0.7391,"[[42 11 46 22 14 36  8 49  0  0  0  0  0  0  0  0  0  0  0  0  0  0  0  0
   0  0  0  0  0  0  0]]"
0.4059999883174896,1039.4560546875,0.402,"[[23  3 21 48 46 45 23 11 21 45  5 13 28 21 10 42 42 24 13 46 13 49  0  0
   0  0  0  0  0  0  0]]"
0.4059999883174896,563.573974609375,0.5766,"[[20 25  9  1 47 19 30 12  9 47  1 39 44 11 33 45 27 15 30 44 31  4 34 37
  32 12 10 19 41  1  2]]"
0.8849999904632568,140.8179931640625,0.9053,"[[32 30 31 23 37 47 16  1 40  4 45 45  5  6 44 30 49  0  0  0  0  0  0  0
   0  0  0  0  0  0  0]]"
0.8889999985694885,73.60700225830078,0.9336,"[[33  8 32 25 46 31  1 11  9 37 45 20 46 49  0  0  0  0  0  0  0  0  0  0
   0  0  0  0  0  0  0]]"
0.40700000524520874,907.27197265625,0.4394,"[[21 34 29 26 31 30  1 47 29 35  1 32  7  5 48 13  1  3  7 10 49  0  0  0
   0  0  0  0  0  0  0]]"
0.4090000092983246,889.3389892578125,0.4473,"[[ 6 13  4  3 11 25 15  1 25 37  1  7 17  7 15 45  4 19 27 17  9 22 21 36
  25 35 44 39 11 39 28]]"
0.4090000092983246,826.010986328125,0.4726,"[[42 15 16 32 45 25  2  8 19 11 21 47 30 49  0  0  0  0  0  0  0  0  0  0
   0  0  0  0  0  0  0]]"
0.41200000047683716,783.7210083007812,0.4905,"[[35 24 36 13 27 36  6 32 48 42 38 38 47 20  3 33 18 10 16 16 23  4 49  0
   0  0  0  0  0  0  0]]"
0.40799999237060547,903.7160034179688,0.4412,"[[11 46  1  5 19  9 21 49  0  0  0  0  0  0  0  0  0  0  0  0  0  0  0  0
   0  0  0  0  0  0  0]]"
0.4059999883174896,891.8909912109375,0.4452,"[[27 23 38 46 25 30  3 39 47 15  1 16 49  0  0  0  0  0  0  0  0  0  0  0
   0  0  0  0  0  0  0]]"
0.4090000092983246,932.322021484375,0.4301,"[[17 24 39 12 13  9  1 49  0  0  0  0  0  0  0  0  0  0  0  0  0  0  0  0
   0  0  0  0  0  0  0]]"
0.40799999237060547,625.4970092773438,0.5525,"[[26 29 26 14  8  1 32 19 29 30 25 44 27  1 35  7 48 17 44 19  8 11 28  1
  41  6 36  7  8  5 16]]"
0.8119999766349792,614.8670043945312,0.6914,"[[ 6  7 48 22 19 40  1 19 24  5 49  0  0  0  0  0  0  0  0  0  0  0  0  0
   0  0  0  0  0  0  0]]"
0.4099999964237213,712.4310302734375,0.5184,"[[ 1  7 29  1 42 43 25 40  1 24 29 26 48 43 11  9 29 15 47 31 43 13 23 29
  19 38 37 33  6 10 11]]"
0.41100001335144043,417.8680114746094,0.6365,"[[12 11 25  6 22 30 19 18  4  8 46 13 33 49  0  0  0  0  0  0  0  0  0  0
   0  0  0  0  0  0  0]]"
0.4519999921321869,771.3909912109375,0.5088,"[[24 47 42  2  8 40 26 43  5  5  5  5  1 27 24  6 12  8  1  2 16 32 49  0
   0  0  0  0  0  0  0]]"
0.41499999165534973,765.2059936523438,0.4989,"[[36 45 29 17 12 20 11 33 14  1 30  6 37 39 20  6 39 27 27 41 42 10 49  0
   0  0  0  0  0  0  0]]"
0.40400001406669617,1447.6429443359375,0.4013,"[[19 19 31 17 31 48 19 35 26 23  4 27  1 17 13 43 31  4 24 36 35 18 43 48
  27  6 48 48 24 46 21]]"
0.4059999883174896,1062.176025390625,0.402,"[[19 25 46 38 41 11 42 30 12 20 45 27  5 29  1 17  7 11 34 29 32  1 40 36
   4 21 32 33 35 10 21]]"
0.41100001335144043,915.2550048828125,0.4376,"[[28 47 30  2 24 25 33 40 32 43 23 31 15 41 48 16 42 13 20  2 43  4 44 18
  12  3 14 18 21  8 14]]"
0.4059999883174896,967.1950073242188,0.4151,"[[21 41  1 24 25 21  7 40 30 36 26 27  7 39 31 47  3 49  0  0  0  0  0  0
   0  0  0  0  0  0  0]]"
0.5929999947547913,938.27197265625,0.489,"[[ 5  3 19 39 17 26 24 41 39 46 45 29 27  6 35 16 29 30 36 39 15 32 26  8
  11 19 27  1 19 44 41]]"
0.6790000200271606,258.7250061035156,0.7895,"[[27 18 48 29 37 36 14  6 19 49  0  0  0  0  0  0  0  0  0  0  0  0  0  0
   0  0  0  0  0  0  0]]"
0.7250000238418579,714.3560180664062,0.6226,"[[26 37 31 39 43 26 34 19 21 11 25  7  3  9  1 30 31 24 29  4 16 17 48 44
  25  5 36 25  4 43 35]]"
0.871999979019165,174.53399658203125,0.8875,"[[ 1 12 16 41  8 22 46 36  3 36 21 21 32 49  0  0  0  0  0  0  0  0  0  0
   0  0  0  0  0  0  0]]"
0.4090000092983246,883.4580078125,0.4496,"[[ 9  2 44 22 21 42  3  7 38 49  0  0  0  0  0  0  0  0  0  0  0  0  0  0
   0  0  0  0  0  0  0]]"
0.8299999833106995,799.0830078125,0.6237,"[[29 46 40 21  3 45 31 16 35 36 11 38 32 31  1 18 16  2  6 16  2 22  6  7
  49  0  0  0  0  0  0]]"
0.8840000033378601,205.91600036621094,0.879,"[[41  9  9 31 14 32 13 33 11 14  1 47 26 35 42  3  9 49  0  0  0  0  0  0
   0  0  0  0  0  0  0]]"
0.890999972820282,311.3940124511719,0.8391,"[[42  3  7  9 32  7 16  1 18 40 47 32 46 47 25  8 41  9 17 35 22 48 13 49
   0  0  0  0  0  0  0]]"
0.8330000042915344,514.7100219726562,0.7384,"[[ 4 36  6 48  5 15 45  5 19  7  2 30 24 40 47 47  2 41 33 27 17 17  6 18
   1  5  4 27 24 14 45]]"
0.6269999742507935,172.79200744628906,0.8065,"[[18 33 37 22 47 33 42 22 49  0  0  0  0  0  0  0  0  0  0  0  0  0  0  0
   0  0  0  0  0  0  0]]"
0.4059999883174896,831.2540283203125,0.4695,"[[24 19 34 31 27  7 46  5 40 33 42 49  0  0  0  0  0  0  0  0  0  0  0  0
   0  0  0  0  0  0  0]]"
0.7400000095367432,323.3370056152344,0.784,"[[42  3  5 15  9 34 35  1 36 45  5  2 38 33 24 28 20 22 33 49  0  0  0  0
   0  0  0  0  0  0  0]]"
0.8679999709129333,515.0339965820312,0.75,"[[14 47 29  6 19 42 23  1 19 30 15  2 28 12 31 26  1 13 17 45  1 35  5 18
   1  6 24 15 26 13 19]]"
0.41499999165534973,317.21600341796875,0.6781,"[[32  4  9 21 22 40  1 12 38 46  2 26 16 32 29 22 48 49  0  0  0  0  0  0
   0  0  0  0  0  0  0]]"
0.42899999022483826,835.9929809570312,0.4753,"[[40 17 27  3 36 44  9 38 18 42 30 33 46  9 37 16  8 49  0  0  0  0  0  0
   0  0  0  0  0  0  0]]"
0.4059999883174896,937.4509887695312,0.427,"[[21 38 44 10 23 36  1 43 23 24 49  0  0  0  0  0  0  0  0  0  0  0  0  0
   0  0  0  0  0  0  0]]"
0.40700000524520874,1484.5260009765625,0.4023,"[[21 34 22 25 37 44  6  1 40 13 12  1 13 41 21 25 16 43 33 20 39 20 13 44
  23 14  3 46 33 44 13]]"
0.8399999737739563,705.39697265625,0.6645,"[[27 20  1 30 14 43 11 29 46 31 21  1 31 30 19 23 37 33 41 47 44 25 29 10
  21 13 45 34  5  1 27]]"
0.40400001406669617,1021.9749755859375,0.4013,"[[37 23  6 16 33 17  5 23 10 13 35 19 20 21 18 11  5  4 47 44 49  0  0  0
   0  0  0  0  0  0  0]]"
0.8579999804496765,65.46399688720703,0.9265,"[[18 31 37  8 29 39 44 20  5 26 16 49  0  0  0  0  0  0  0  0  0  0  0  0
   0  0  0  0  0  0  0]]"
0.8650000095367432,137.5760040283203,0.9,"[[33 11  2 28 11 24 11 26 12 45 47 36 32 19 30 40 48 12  6 32  3 46 46 11
  37 14 43  5 33 36 46]]"
0.8859999775886536,479.8420104980469,0.7701,"[[ 9 42  4 34  6  1 39 17 35 34  7 28 16 40 12 29 39  1 38 36 15 29 14 36
  29 19 18  3 26 18  3]]"
0.4449999928474426,840.2760009765625,0.4789,"[[35  2 15 30 26 47 15 21 35 47 20  1 34  9  7 10 29 47 44 29 27  3  3  4
  39 32 29 25 35 33 16]]"
0.40400001406669617,1380.9219970703125,0.4013,"[[22 15 48 29  7 40  6 38  1 16 25 30 34 39 37 12 17  9 27 29 43  6 16 16
  23 17 32 10 22  9 15]]"
0.4050000011920929,1096.31005859375,0.4017,"[[23 26 39  4 31  4 36 12  1 21 28 16 13 46 21 10 27 47 46 46 26 42 41 30
   3  5 35 17 46 49  0]]"
0.8889999985694885,680.4110107421875,0.6908,"[[38 20 42 44  1  6 47 28 21  5 43 46 22  6 38  9 10 47  7 26 47 11 10 15
  38 21 10  5 11 45 41]]"
0.7329999804496765,121.91300201416016,0.8622,"[[42 32 20  8  4  4 44 30 36 41  4 49  0  0  0  0  0  0  0  0  0  0  0  0
   0  0  0  0  0  0  0]]"
0.8820000290870667,118.47200012207031,0.9133,"[[38 40 34 45 32  5 46 29 23 32 20 45 21 26 33 48 11 32 26 25 26 23 16 19
   7 24 12 23 14 14 47]]"
0.40799999237060547,476.59100341796875,0.612,"[[26  8  9 28 44 28  5  5  6 36  7 25 24 27 41 25 31 49  0  0  0  0  0  0
   0  0  0  0  0  0  0]]"
0.4059999883174896,920.0349731445312,0.434,"[[17 37 22  6 10  5 23 20 49  0  0  0  0  0  0  0  0  0  0  0  0  0  0  0
   0  0  0  0  0  0  0]]"
0.8830000162124634,418.1400146484375,0.7937,"[[34 28 16 17 33  8  1  2 21  7 40 18 35 14  5 49  0  0  0  0  0  0  0  0
   0  0  0  0  0  0  0]]"
0.4099999964237213,788.10400390625,0.4881,"[[ 4 39 15 16 17 47 47 29 48 35 39 10 31 44 43 36 35 29 41 12 30 12  3 44
  31 13 41 41 19  2 35]]"
0.8859999775886536,76.85399627685547,0.9313,"[[42 29 40 28  6 31 40 30 49  0  0  0  0  0  0  0  0  0  0  0  0  0  0  0
   0  0  0  0  0  0  0]]"
0.4009999930858612,1328.093017578125,0.4003,"[[17 18 44 20 42 35 48 41 38  3 35 19 24 44 19 25 33 23 39 24 42 12  2 16
  35 24 21 44 20 43  3]]"
0.4059999883174896,864.8629760742188,0.4561,"[[22 21 46 11  2 27 19 45 41 32 18 49  0  0  0  0  0  0  0  0  0  0  0  0
   0  0  0  0  0  0  0]]"
0.4099999964237213,821.323974609375,0.4748,"[[ 1 48 13 43  3 37 37 48 46  8  9  6 33 49  0  0  0  0  0  0  0  0  0  0
   0  0  0  0  0  0  0]]"
0.4090000092983246,586.7650146484375,0.5683,"[[37 20 28  5 29 25 13  9 14 18 12 21  5  2 26 44 44  1 10 21 41 16 26 41
  36  9 14 43 17 48 22]]"
0.8889999985694885,146.71299743652344,0.9043,"[[ 8 12  2 30 42 12  1 13  2 14  2  7 22 23 16 43 10 29 22 29 18 49  0  0
   0  0  0  0  0  0  0]]"
0.42800000309944153,583.302978515625,0.576,"[[11  1 48 17 33 43 12 34 14 48 15 23 33 37 38 40  2 26 17 47 29 40  7 29
  30 18  1 18 42  6 14]]"
0.7599999904632568,850.4119873046875,0.5798,"[[31  3 45 20 17 19 30 12  5 44  2 49  0  0  0  0  0  0  0  0  0  0  0  0
   0  0  0  0  0  0  0]]"
0.8050000071525574,414.76800537109375,0.7691,"[[25 43 40 29 41 34 46 38 22  6  6 49  0  0  0  0  0  0  0  0  0  0  0  0
   0  0  0  0  0  0  0]]"
0.8730000257492065,630.5440063476562,0.7054,"[[ 2  8 13 15 11 42 46  1 45 42 19 34 25 43 27 11 39  6 15 16 44 20  6 39
  38  3  8 47  3  2 39]]"
0.40700000524520874,821.9400024414062,0.4736,"[[37 38  1 15  5 24 36 10 17 15  6  1 17  5 39 40 43 36 15 20 19 41  1 49
   0  0  0  0  0  0  0]]"
0.40700000524520874,938.5570068359375,0.4269,"[[ 5 37 19 25 27 12 40 23 10 18 39  6  2 24 38 21 38 27 19  4 44 45 23 43
  46  3 36 13 34 40 26]]"
0.8679999709129333,754.1400146484375,0.6543,"[[ 8 17  2 31 12 18  1 49  0  0  0  0  0  0  0  0  0  0  0  0  0  0  0  0
   0  0  0  0  0  0  0]]"
0.4740000069141388,848.3809814453125,0.4853,"[[ 9 40  9 15 14 29  7  1 42 19 44 24 28 40  5 45 49  0  0  0  0  0  0  0
   0  0  0  0  0  0  0]]"
0.41200000047683716,179.3560028076172,0.7323,"[[ 7 18 10  8 28 47 25 27 30 47 24 34  1 22 49  0  0  0  0  0  0  0  0  0
   0  0  0  0  0  0  0]]"
0.4099999964237213,806.3259887695312,0.4808,"[[12 17 34 34 29 20 29 14  2 30 31 47 25  1 49  0  0  0  0  0  0  0  0  0
   0  0  0  0  0  0  0]]"
0.4090000092983246,940.4669799804688,0.4268,"[[19 27 22  9  8 48 22 24 14 27 14 11 27 18 11 47 22 46 15 49  0  0  0  0
   0  0  0  0  0  0  0]]"
0.4090000092983246,883.2509765625,0.4497,"[[32 13  1 13 13 10 19 17 23 19 49  0  0  0  0  0  0  0  0  0  0  0  0  0
   0  0  0  0  0  0  0]]"
0.8730000257492065,103.85099792480469,0.9161,"[[25  8 41 35  3 12 39 32 42 27 19 22 49  0  0  0  0  0  0  0  0  0  0  0
   0  0  0  0  0  0  0]]"
0.4059999883174896,947.3330078125,0.4231,"[[36 34  1 21 21 21 47 42 31 34  5 25 13  5 36  8 26 38 41 39 36 30  5 38
  15 30 49  0  0  0  0]]"
0.41999998688697815,199.8159942626953,0.7267,"[[34 25 44 32 37 18  7 48 49  0  0  0  0  0  0  0  0  0  0  0  0  0  0  0
   0  0  0  0  0  0  0]]"
0.8790000081062317,638.1740112304688,0.7044,"[[39 45 14 19 28 20 42 36  6  2  1 19 12 26 46 38 39 43 11 46 35  1 20 12
  24 35 47 36 36 10  5]]"
0.40799999237060547,909.6229858398438,0.4388,"[[23 16 32  2 36 24 37 49  0  0  0  0  0  0  0  0  0  0  0  0  0  0  0  0
   0  0  0  0  0  0  0]]"
0.4059999883174896,849.8460083007812,0.4621,"[[13  5  9 41 12 42 39  4 14  8  3 49  0  0  0  0  0  0  0  0  0  0  0  0
   0  0  0  0  0  0  0]]"
0.40799999237060547,725.2670288085938,0.5126,"[[41 15 23  3 33 42 33  4 13  1 28 32 41  1  3 27 45 19 12 47 24 44 37 19
   8  7 14  6 19  6 14]]"
0.41200000047683716,233.45199584960938,0.7106,"[[12 43  1  8 36 30 47  7 49  0  0  0  0  0  0  0  0  0  0  0  0  0  0  0
   0  0  0  0  0  0  0]]"
0.5130000114440918,615.7239990234375,0.5914,"[[ 5 36  9 18 17 37  4  9 26  3 48 49  0  0  0  0  0  0  0  0  0  0  0  0
   0  0  0  0  0  0  0]]"
0.4779999852180481,498.3599853515625,0.6267,"[[40 27  9 30 28 17 24 31 12 11 13 45 12 11 15 35 14 28 33 11 38 19 21 14
  18 12 16 42 30 16 48]]"
0.41100001335144043,772.6519775390625,0.4946,"[[37 41 17 43 34 37 47 41 34  2 34 45 35 24 48 24  8  8  6 17 22 45  5  4
  46 16 33 46 21 15 39]]"
0.8880000114440918,214.55099487304688,0.8768,"[[26  4  5 10 24 26 35  7 44  1  5 42 49  0  0  0  0  0  0  0  0  0  0  0
   0  0  0  0  0  0  0]]"
0.40799999237060547,889.6179809570312,0.4468,"[[21 37  1 27  1 19 47 11 39  4 35  5 25 23 33 34 26 32 17 47  6 33  7  7
  13 10  1 15  7 34  6]]"
0.40299999713897705,916.8499755859375,0.4343,"[[22  8 24 13 22  9  1 12 28 49  0  0  0  0  0  0  0  0  0  0  0  0  0  0
   0  0  0  0  0  0  0]]"
0.4180000126361847,595.3800048828125,0.5678,"[[37 35  9 30 11 19 40 42 19 10 32 27 20 31 41  5 14 36 35 21 11 26  3 45
   1 11 10 42 39 39 16]]"
0.40799999237060547,908.5159912109375,0.4393,"[[38 13 21  2 25 24 23 13 36 35  3 27 41 25  7 20 24 11 20 36 49  0  0  0
   0  0  0  0  0  0  0]]"
0.41499999165534973,56.99100112915039,0.7822,"[[12 31 29 41  1 43 12 24 16 42 33 29 47 39 35  1 48 34 32 38 42 39 38 47
  26 41 41 41 36 49  0]]"
0.4090000092983246,693.0640258789062,0.5258,"[[39 36 23 46 27 24 14 46 23  6  5 22 22  4 44 45 11 32 34  5 15  8 44 33
  10 12 48 45 33 48 46]]"
0.4059999883174896,956.7360229492188,0.4193,"[[28 46 19  6  9  9 14 35  5 15 23 35 21 41  1 40 19 18 31 47 23 29 36 48
  35 36 48  2  5 13 44]]"
0.40700000524520874,915.9390258789062,0.436,"[[29 17 36 19 19 35 11  7 49  0  0  0  0  0  0  0  0  0  0  0  0  0  0  0
   0  0  0  0  0  0  0]]"
0.40400001406669617,1175.35595703125,0.4013,"[[22 39 32 23 42 11 18  4 12 41 17 21  2 10 43 42 19 20  9 39 30 23 13 16
  49  0  0  0  0  0  0]]"
0.41200000047683716,569.43798828125,0.5762,"[[ 3 18 42 25  8  7 13 25 19 41 47 15 28 21  8  4  5 33  4 36 24 20 39 29
   8 16 35  8 17 39 18]]"
0.42899999022483826,620.6430053710938,0.5614,"[[37 26 46 14  9 22 19 35 39 21 47 10 44 49  0  0  0  0  0  0  0  0  0  0
   0  0  0  0  0  0  0]]"
0.4129999876022339,489.6029968261719,0.6085,"[[ 5  3 27 47 36 35 18 31 21 12 49  0  0  0  0  0  0  0  0  0  0  0  0  0
   0  0  0  0  0  0  0]]"
0.4059999883174896,818.322998046875,0.4747,"[[10 23 42 46 29 38 10  4 20 39 14 26 22 33 15  6  1 43 49  0  0  0  0  0
   0  0  0  0  0  0  0]]"
0.40799999237060547,778.5289916992188,0.4913,"[[ 1 34 13 11 43 25 38 40 29 28 26 16 34 38 32 49  0  0  0  0  0  0  0  0
   0  0  0  0  0  0  0]]"
0.4129999876022339,677.6099853515625,0.5333,"[[37  9  3 15 48 33 47 49  0  0  0  0  0  0  0  0  0  0  0  0  0  0  0  0
   0  0  0  0  0  0  0]]"
0.4050000011920929,949.2080078125,0.422,"[[15  8 35  5 48 19 27 17 47 49  0  0  0  0  0  0  0  0  0  0  0  0  0  0
   0  0  0  0  0  0  0]]"
0.40799999237060547,853.3939819335938,0.4613,"[[21 20 32 31  5 18  9 40 44 48 11 12 26 12 13  1 36  2 49  0  0  0  0  0
   0  0  0  0  0  0  0]]"
0.40799999237060547,941.6519775390625,0.426,"[[23  6  9 14 39 26 36 47  1 33 46 28 13 19  2 49  0  0  0  0  0  0  0  0
   0  0  0  0  0  0  0]]"
0.41200000047683716,626.8670043945312,0.5533,"[[ 1 47  1  2  2  1 38 31 25 45 18 45 13 35 35 33 16 17  6  7 39 32  3 48
  23  1 32 26  1  9 43]]"
0.41499999165534973,596.833984375,0.5663,"[[ 1 13  9  4 35 20 20 47 20 36 12 34 29 31  9 14 42 16 43 26 15 14 30 30
  43 12 27 46 39 36 26]]"
0.8889999985694885,128.91400146484375,0.9114,"[[36  1 32  6 27  1  1 12 36 11 29 30 34 49  0  0  0  0  0  0  0  0  0  0
   0  0  0  0  0  0  0]]"
0.8399999737739563,276.1650085449219,0.8362,"[[36 18 37  9 25 46 14 36  2 10 17 28  2  9 47 10 36 27 26  5  1 42 16 12
   3 42 20 45  5 20 42]]"
0.414000004529953,375.3290100097656,0.6545,"[[ 6 27 46 24 24 40  3 34  4 49  0  0  0  0  0  0  0  0  0  0  0  0  0  0
   0  0  0  0  0  0  0]]"
0.4099999964237213,831.9229736328125,0.4706,"[[ 9 18  9 27 25 19  2 25  4 49  0  0  0  0  0  0  0  0  0  0  0  0  0  0
   0  0  0  0  0  0  0]]"
0.8859999775886536,895.2730102539062,0.6039,"[[30 16 22 31 23 28 47 20 23 39 44  7 32 30 32 11 48 29 46 35 10 26 23 23
  47  6 26 39 41 38 26]]"
0.8859999775886536,141.61900329589844,0.9054,"[[36 34 39 26 46 30 14 19 41 17 11 47 22 37 19 18 20  9 36  1 17 11 15  3
  13 21  7 15 17 43  6]]"
0.41200000047683716,858.5830078125,0.4606,"[[18 11 16 23 33 17 48 26 12 17 31 30  5 11 49  0  0  0  0  0  0  0  0  0
   0  0  0  0  0  0  0]]"
0.7369999885559082,553.9249877929688,0.6908,"[[ 6 47 45 32 35  5 48 49  0  0  0  0  0  0  0  0  0  0  0  0  0  0  0  0
   0  0  0  0  0  0  0]]"
0.8999999761581421,63.279998779296875,0.9414,"[[10  6 14 38 32 22 26 13 49  0  0  0  0  0  0  0  0  0  0  0  0  0  0  0
   0  0  0  0  0  0  0]]"
0.8989999890327454,97.53700256347656,0.9273,"[[42 32 16 11  2 18  9 23 12 36 24 49  0  0  0  0  0  0  0  0  0  0  0  0
   0  0  0  0  0  0  0]]"
0.4449999928474426,403.26300048828125,0.6537,"[[38  1 27  7 12 39 26  1 49  0  0  0  0  0  0  0  0  0  0  0  0  0  0  0
   0  0  0  0  0  0  0]]"
0.41600000858306885,729.927001953125,0.5134,"[[36 38 45 43 22 45 30  9  3 40 13 44 22  8 38 10 30 44  2 32 39 47  2 14
  49  0  0  0  0  0  0]]"
0.48399999737739563,618.7589721679688,0.5805,"[[40 30 15 39 46 47 40 19 19 47 39  3 43  6 46 49  0  0  0  0  0  0  0  0
   0  0  0  0  0  0  0]]"
0.8759999871253967,336.14599609375,0.8242,"[[ 6 44 29 30 44 14 17 27 28 14 47 37 26 30 12 26  1 31 44 30 35 48 44 46
  11 16 45 43 18 13  2]]"
0.4099999964237213,831.677978515625,0.4707,"[[11  1 13 41 35 27  7 49  0  0  0  0  0  0  0  0  0  0  0  0  0  0  0  0
   0  0  0  0  0  0  0]]"
0.6430000066757202,270.94000244140625,0.7726,"[[18 32 44 33 15 37 29 38 15 30 29  9 25 41 17 35 18 40  9 49  0  0  0  0
   0  0  0  0  0  0  0]]"
0.4129999876022339,219.9720001220703,0.7163,"[[36 14 14 34 38 46  3 23 48  6 15 41 28 43 14  9  2 35 35 21 27 44 43 45
  21  1 46 16 31  5  9]]"
0.41999998688697815,802.7009887695312,0.4856,"[[37  2 23 37 11 17 14  1 31 39 31 16  8 10  9 39  5  6 16 13 26 46 49  0
   0  0  0  0  0  0  0]]"
0.41200000047683716,291.26800537109375,0.6875,"[[36 11 16 34 26  1 36 42  4 19 23 42 47 28 45  6 19 38 48 41 18 23 33 10
   7 35 43 20  1 18  5]]"
0.8700000047683716,377.09100341796875,0.8058,"[[ 5 27  3 31 27 34  4 13 41 45 34 42 35 40 24 49  0  0  0  0  0  0  0  0
   0  0  0  0  0  0  0]]"
0.8650000095367432,132.83599853515625,0.9019,"[[14 12 46 28 44 29 32 23 42  8  7 43 39 33 21 15 30 10  1 24 43  1  4 44
  44 36 21 18 27 11 22]]"
0.4009999930858612,414.6969909667969,0.6345,"[[ 7 32  1 35 29 27 17  3 20 32 48 30 41  9  8 46 21  1 21 24 46 16 20 10
  43  7 17 30 13 42  2]]"
0.41499999165534973,838.9190063476562,0.4694,"[[ 5  1 47 16 43 16 21  7 30 37 49  0  0  0  0  0  0  0  0  0  0  0  0  0
   0  0  0  0  0  0  0]]"
0.4129999876022339,738.8790283203125,0.5088,"[[29 48 30 28 13 30 43 30 28 14  1  2 48 20 32 30 31 40 10 33 43 32 48 49
   0  0  0  0  0  0  0]]"
0.859000027179718,309.364990234375,0.8293,"[[ 6  9 32 29 13 15 42 25 15 30 29 26 41  4  3 19 35 28 18 45 38 46 30 42
   1 11  1 46  9 21 42]]"
0.8679999709129333,70.94200134277344,0.9276,"[[ 8 12 40  2 24 10 43  2  4 49  0  0  0  0  0  0  0  0  0  0  0  0  0  0
   0  0  0  0  0  0  0]]"
0.4659999907016754,266.0379943847656,0.7156,"[[34 10  1 19 26 31 14 31 36 45 41  3 45 17 20 38 41 22 20 27 48 16 17 47
   1 47 45  7 16 48 10]]"
0.8669999837875366,83.28299713134766,0.9224,"[[ 1 41  8  6 34 33  3 38 32  3  3 11 21 11  1 36 18 35 46 25 49  0  0  0
   0  0  0  0  0  0  0]]"
0.4059999883174896,955.7009887695312,0.4197,"[[18 11 21 14 33  3 37  6 17  2 39 20 45 44  3  8 18  7 36 24 32 23 14 45
  23  1 10 19  7 42 46]]"
0.40400001406669617,914.677001953125,0.4355,"[[13 18 27 19 15  3 39  1 32 49  0  0  0  0  0  0  0  0  0  0  0  0  0  0
   0  0  0  0  0  0  0]]"
0.40799999237060547,350.72198486328125,0.6624,"[[10  6 46  5 30 13 19  8 32  1 15 36 21 25 14 43 27 46 29  2 21  9 45 43
  36 18 46 25 29 23 41]]"
0.4090000092983246,1390.0830078125,0.403,"[[24 43 13 31 21  9 43 45 46  2 47  1 27 16 17 30 20 30 27 34 44 17 48 20
   4 27 15 21 24 19 26]]"
0.40700000524520874,1244.7779541015625,0.4023,"[[15 30  2  2 46 28 21  1 34 14 46 36 21 12 45  1 30  8 43  6 10  4 38 47
  17 38  2 35 19  7 21]]"
0.4490000009536743,812.5020141601562,0.4913,"[[38 35 26 18 16 47 32 36 26 16 40 46 21 46  1 45 10 49  0  0  0  0  0  0
   0  0  0  0  0  0  0]]"
0.4090000092983246,879.2579956054688,0.4513,"[[22 12 18 18 16 30 43 46 44 12 48 27 49  0  0  0  0  0  0  0  0  0  0  0
   0  0  0  0  0  0  0]]"
0.4059999883174896,886.8309936523438,0.4473,"[[21 45  9 35  3 17  1 37 32 38 10  4  7 32  9 29 32 32  4  4 30 11 48  3
  47 12 49  0  0  0  0]]"
0.41100001335144043,583.1480102539062,0.5704,"[[ 3 11 12  1  6 38 13 32 19 38 27 46 20 11 29  3 21 13 32 48 49  0  0  0
   0  0  0  0  0  0  0]]"
0.5389999747276306,693.7969970703125,0.5688,"[[ 9  4  9 32 30 20 13 43 25 38 22  5 24 49  0  0  0  0  0  0  0  0  0  0
   0  0  0  0  0  0  0]]"
0.38999998569488525,62.95199966430664,0.7748,"[[30  4  1 11 34 10  1 31 48  5 26  7 15  1 40 41 47  1 45 35 40 29 11 13
  41 11  8 23 27 16 14]]"
0.41100001335144043,298.2969970703125,0.6843,"[[ 5 25 43 26 32 41 41 29 17 11  1 34 13  9 42 45 14  1 41 15 12 38 26 27
  32 24 24 33  2 43 22]]"
0.5899999737739563,784.8419799804688,0.5494,"[[ 2  1 17 35  1 48  5 40 13 49  0  0  0  0  0  0  0  0  0  0  0  0  0  0
   0  0  0  0  0  0  0]]"
0.8600000143051147,176.03799438476562,0.8829,"[[39 30 12 44 24 12 47 33 40  3  7  6 38  1 18 15 22 44  5  9 43 38  5 22
  29 14 35 13 30  4 17]]"
0.8379999995231628,98.27300262451172,0.9067,"[[39 40 40 37 16 18 28 48 42  8 33 20 20 13  2 49  0  0  0  0  0  0  0  0
   0  0  0  0  0  0  0]]"
0.4059999883174896,902.2340087890625,0.4411,"[[ 1 47 32 46 13 46 27  5 30 29 27  6  1 21 36 23 44 33  7 49  0  0  0  0
   0  0  0  0  0  0  0]]"
0.4050000011920929,871.7880249023438,0.453,"[[24 17 34 19  2  5 46 10 36 20 49  0  0  0  0  0  0  0  0  0  0  0  0  0
   0  0  0  0  0  0  0]]"
0.40700000524520874,878.0759887695312,0.4511,"[[15 34 43 24 34 24  1 28 17 49  0  0  0  0  0  0  0  0  0  0  0  0  0  0
   0  0  0  0  0  0  0]]"
0.8859999775886536,245.41900634765625,0.8638,"[[ 5 11 10 33 37 19 43 34 30  9 10 40 37  3 44 17 41 37  1 43 26 44 25 19
  15  2 44  9 13 45 26]]"
0.40299999713897705,1023.302978515625,0.401,"[[ 9 24 35  7 21 13  4 30 25  5 20 48  8 14 14 29 30 19 11 21 22  4 11 21
  21 18 45 20 46  1 17]]"
0.4059999883174896,941.4349975585938,0.4254,"[[23 43  8 29 21 31  1 40 49  0  0  0  0  0  0  0  0  0  0  0  0  0  0  0
   0  0  0  0  0  0  0]]"
0.4050000011920929,1075.7750244140625,0.4017,"[[ 9 37 45 10 37 30 23 25 46 10 48 39 18  7  3 34 36 29  6  3  8 13  5 43
  14 41  2  2 21 20 49]]"
0.4050000011920929,528.135986328125,0.5904,"[[ 5  8 38 22 34 28 25 28 48 16 48 48 15 29 28 38  4 12 34 47 26 36 12 14
   1 26  2  8 30 46  8]]"
0.4059999883174896,965.333984375,0.4159,"[[13 12 37 17  9 14 36 23 14 32 43  5  7 23 36 17 45 39 38 29 47 25  6  1
  21  1 18 39 38 29 31]]"
0.7260000109672546,357.7510070800781,0.7656,"[[41 30 15 41  5 16 27 33 37 26 49  0  0  0  0  0  0  0  0  0  0  0  0  0
   0  0  0  0  0  0  0]]"
0.4099999964237213,801.7440185546875,0.4826,"[[ 5 24 14  8 35 47 21 37 27 22  3 10 19 32  3 11 30 19 13  6 19 12 45 38
   1  3 18 41 47 10 14]]"
0.4099999964237213,432.8380126953125,0.6302,"[[ 5 38 18 30  8 19 37 15 32 29 10 43 41 28  9 43 45 25 48 15 49  0  0  0
   0  0  0  0  0  0  0]]"
0.40700000524520874,260.2919921875,0.6982,"[[ 7 34 37 11  5 12  6 12 46 43 15 47 32  7 47  4  2 42 21 44  1 44 18 44
  19 44  5 49  0  0  0]]"
0.40799999237060547,1043.125,0.4027,"[[13 20 36 16  7 28  5 47 10 23 18 35 31  6 11 41 23 22 47 40  2  8 22 22
  45  9 49  0  0  0  0]]"
0.40700000524520874,980.5499877929688,0.4101,"[[23 26 42  4 41  4 20  7 19 38 13 30 25 44 26 19 17 26 29 16 49  0  0  0
   0  0  0  0  0  0  0]]"
0.8119999766349792,258.2860107421875,0.834,"[[ 6 14 15  3 24 34 29  7 19 27 48 20 42  7 14 38 43 27 39 48 48 34 38 16
  48  3 15 44 43 30 24]]"
0.8399999737739563,379.97601318359375,0.7947,"[[33  9  5 30 15 36 30 49  0  0  0  0  0  0  0  0  0  0  0  0  0  0  0  0
   0  0  0  0  0  0  0]]"
0.8349999785423279,582.301025390625,0.7121,"[[ 1 11 46 29  1  8 40 44 28 34 45 27 48 41  9 28 36 45 11 17 21 17 46 23
  16 45  8 16 16 46 22]]"
0.5189999938011169,684.9530029296875,0.5657,"[[ 1 38 36 45  3  9 32 32  1 33 26  3 23 13 42 49  0  0  0  0  0  0  0  0
   0  0  0  0  0  0  0]]"
0.41200000047683716,821.9409790039062,0.4752,"[[ 1 27 13 33 29 29  7  7 28  2 16 40 49  0  0  0  0  0  0  0  0  0  0  0
   0  0  0  0  0  0  0]]"
0.40400001406669617,1044.43798828125,0.4013,"[[21  7 35 28 21 44  3 13 34 18  5  1 20 18  8  9  4 44 34 44 22  5 39  5
  18 29 22  3 24 46 33]]"
0.40700000524520874,704.3150024414062,0.5206,"[[36 43 15 25 37 43 24 42  7 37  7 48 35 14 46  2  1 27 38 38 44  1 22 39
   4 22 10  4 42 24 47]]"
0.4180000126361847,328.07000732421875,0.6748,"[[37  4 47 45  9 26 47 49  0  0  0  0  0  0  0  0  0  0  0  0  0  0  0  0
   0  0  0  0  0  0  0]]"
0.40700000524520874,799.1439819335938,0.4827,"[[30 13 34 10 35  2 45 46 40 49  0  0  0  0  0  0  0  0  0  0  0  0  0  0
   0  0  0  0  0  0  0]]"
0.6940000057220459,844.0590209960938,0.5604,"[[14 25 15 23 44 48 46 26  5 45 38  5 47 23 14 26 28  2 36  5  5 40 17 34
  49  0  0  0  0  0  0]]"
0.8579999804496765,91.94100189208984,0.9159,"[[31 34 15 26 34 46 35 30 16 27 43  1 38 10 21 45  3 30  2  2 30 26 35 23
  10 20 23 41 39  1 13]]"
0.40700000524520874,866.6129760742188,0.4557,"[[17  7 25 22 34 28  5 49  0  0  0  0  0  0  0  0  0  0  0  0  0  0  0  0
   0  0  0  0  0  0  0]]"
0.40700000524520874,1239.072998046875,0.4023,"[[ 1 47 47 17 17 17 16  5  8 15 46 26 47 23 42 11 42 29  5 23 18 11 45 46
  19 21 25 17 12 15 14]]"
0.4099999964237213,534.1220092773438,0.5897,"[[12 32 19 46 48 40 37 38 40  1 42 48 46 29 18  3 47 47 34 38 28  4  8 43
   9  8  8  2 12 46  4]]"
0.4059999883174896,878.073974609375,0.4508,"[[ 3 23 26 38 44 28 24 28 49  0  0  0  0  0  0  0  0  0  0  0  0  0  0  0
   0  0  0  0  0  0  0]]"
0.414000004529953,532.4769897460938,0.5917,"[[ 4 43 48 47 16 16  3 26 19  9 47  6 12 45 34 38 49  0  0  0  0  0  0  0
   0  0  0  0  0  0  0]]"
0.8769999742507935,168.97999572753906,0.8914,"[[ 8  9  4 29 46 16 19 34 24 42  5 15 47 48 10 27 29  1 36 25  6 47 49  0
   0  0  0  0  0  0  0]]"
0.41200000047683716,487.89599609375,0.6088,"[[12 27 35 28 18 22 17  8  1 25 14 26 34 18 21 46 35 44 47 45 36 37 49  0
   0  0  0  0  0  0  0]]"
0.871999979019165,644.4869995117188,0.6995,"[[37 34 30 25 27 20  7 15 37 44 35 38 48 16 35 45  2 27 45 22 34 23 44 30
  19 14 44  1 11 25 32]]"
0.4099999964237213,910.0040283203125,0.4393,"[[19 22  6 32 22  5 20 49  0  0  0  0  0  0  0  0  0  0  0  0  0  0  0  0
   0  0  0  0  0  0  0]]"
0.8339999914169312,145.23500061035156,0.8866,"[[41  8  7 25 18 23 14  7 21 12 35 10 18 27 35 39  7 26 32 35 35  3  1 29
  14 17 33 23 20 46 44]]"
0.4099999964237213,878.8319702148438,0.4518,"[[ 3  4 23 12 11 19 48  1 49  0  0  0  0  0  0  0  0  0  0  0  0  0  0  0
   0  0  0  0  0  0  0]]"
0.40400001406669617,960.5650024414062,0.4171,"[[17  1 48  5 48 22 46 15 32 27 17 14 27  1  4  6 49  0  0  0  0  0  0  0
   0  0  0  0  0  0  0]]"
0.40799999237060547,956.1119995117188,0.4202,"[[ 1  4 21 44 37 20 11 18  6 41 47 16 46 27 20 35  3  5 48  7 32  5  9 44
  35  2 44 48 21 30  5]]"
0.8980000019073486,454.02301025390625,0.7844,"[[10 39  4 39 34  6 29  1 21  1 10 39 11 29 45 45 46 12 43 46 25 17 15 48
  26 35 32 13  6 39 41]]"
0.843999981880188,162.968994140625,0.8828,"[[18 42 40 39 16 19 21  4 27  8  9  5 24 20 44 43 28 26 39 19 48  7 32 12
  45  5  8  3 48  8 13]]"
0.4090000092983246,877.39599609375,0.452,"[[35 41 22 29 19 26 13  7  1 45 24 35 47  1  9 28 28  7 15 33 10 12 46 11
   1 17 41 24  1 29 49]]"
0.4090000092983246,1427.279052734375,0.403,"[[42 23 18 36 34  1  6 19 43 17 17 44 42 29 46 19 11 31 13 15 38 44 48 13
  11 33 11 24 21 38 22]]"
0.40400001406669617,855.18798828125,0.4593,"[[22 28  5 17 38 31 27 17 37 28 16 11  9 38  3 29  5 14 26 39  1 23 14 18
  36  3 42  9 13 30 10]]"
0.4090000092983246,737.72998046875,0.5079,"[[10 35 45 21 27 17 32 44 36 30 46 17 39 26 47 13  8 42 38 10 46 39 10  2
  43 40  6 49  0  0  0]]"
0.40299999713897705,903.2730102539062,0.4397,"[[20 23  1  5 30 14 43 38 17  2 44 22 31 49  0  0  0  0  0  0  0  0  0  0
   0  0  0  0  0  0  0]]"
0.40299999713897705,1354.012939453125,0.401,"[[21  9 35  3 20 42 30 16 27 22 13  7 25  1 17  1 10  8 36  2 45 29 17 32
  19 42 33  2 27 11 21]]"
0.6669999957084656,97.69200134277344,0.8499,"[[ 2 28 28 35 30 28 16 16 43  8 45  3 18 14  6 30 48 20 27  7 26  6 38 15
  32 26 20  3 21 11 41]]"
0.4059999883174896,834.073974609375,0.4684,"[[36 45 40 43 47  6 38  5 46 43 39 23 44 47 18 17 25 47 42 23 48  4  9 12
  30  1 49  0  0  0  0]]"
0.878000020980835,663.093017578125,0.6941,"[[26 46 35 25 40  7 15 25  1 47 35 13 43 13 34 27  3 14 41  6 28  5 27  1
  19 23  1  1 32 47  2]]"
0.4059999883174896,998.3770141601562,0.4026,"[[22 42 22 26 33 38 28 46 44 19 35  1 11 36 23 42  1 46 48 26 13 37 49  0
   0  0  0  0  0  0  0]]"
0.4169999957084656,206.4949951171875,0.7231,"[[31 35 37 25 34 28 11 39  1 25 14 22 29 23 30  3  5 39 14 27 47  4 11 41
  28 27  1 32 24 46 47]]"
0.4050000011920929,840.8740234375,0.4653,"[[ 4 38 17 18 13 13  9 33 44 21 41  3 24 11 13  6 25 49  0  0  0  0  0  0
   0  0  0  0  0  0  0]]"
0.8709999918937683,419.14801025390625,0.7893,"[[ 4 30 11  1 21 22  9  2  6 11 45 48 22 36 33 39 48 39 28  8 36 21 42 42
  49  0  0  0  0  0  0]]"
0.41600000858306885,671.4229736328125,0.5368,"[[29 26 24  2  8 24 27 31 48 44  3 14 20 45 20 49  0  0  0  0  0  0  0  0
   0  0  0  0  0  0  0]]"
0.4090000092983246,931.989013671875,0.4302,"[[38 19 16 19 13 33  8  3  2 15 35 14 19  3 29 22 48 42 38 32 35 16 44 29
  49  0  0  0  0  0  0]]"
0.41100001335144043,837.697998046875,0.4686,"[[30 47 39 14 23 26 32  2  1 15 41 47  9  7 10 12  1 26 36 49  0  0  0  0
   0  0  0  0  0  0  0]]"
0.4059999883174896,785.0809936523438,0.488,"[[29 20 35 16  7 30  1 41 21 10 32  7 10 33 11  5 49  0  0  0  0  0  0  0
   0  0  0  0  0  0  0]]"
0.4059999883174896,381.927001953125,0.6492,"[[38 27 14 40 23 44 14 32 13  7 13  2 37 17 29 21 46 38 26  3 22 39 24 21
  32  1 35 14 24 42 29]]"
0.7649999856948853,673.0440063476562,0.6524,"[[42  1 44 17  2 37  8 31  8 17  3 38 30 11 12 14 20  3 35 24  1  4 44  6
  12  9 49  0  0  0  0]]"
0.8519999980926514,222.7030029296875,0.8616,"[[25 43 18 43 30  8 43 37 37 34 18 28 26  5 27 11 13 33 14 36 27 20 33 46
  33 16  8 36  1 11 22]]"
0.8510000109672546,251.09300231933594,0.8499,"[[38 40 31 22 20 47 45  3 28  7 42 21  1 24 42 43  9 21 24  1  1  4 47 36
  15  6 15 14 21 35 35]]"
0.4099999964237213,867.3800048828125,0.4564,"[[25 13 15 45 12 40  1 22 25 20  5 44 26 17 42 16 39 49  0  0  0  0  0  0
   0  0  0  0  0  0  0]]"
0.40799999237060547,565.27001953125,0.5766,"[[32 37 43  1 42 46  3 15 19 48 15 29 35  6 23  3 39 42  1 37 14 49  0  0
   0  0  0  0  0  0  0]]"
0.40799999237060547,297.20098876953125,0.6838,"[[12  2 40  3 23 23 28 24 40 26 47 26 45 39  7  5  8 44 38 13  2  1  3 43
  38 49  0  0  0  0  0]]"
0.8920000195503235,154.98599243164062,0.902,"[[ 2 33 32 18 32  2 23 19 46  5 43 49  0  0  0  0  0  0  0  0  0  0  0  0
   0  0  0  0  0  0  0]]"
0.8899999856948853,93.10199737548828,0.9261,"[[31  6 44 28 37 37 32 35 48 15 36 49  0  0  0  0  0  0  0  0  0  0  0  0
   0  0  0  0  0  0  0]]"
0.4129999876022339,731.3820190429688,0.5118,"[[ 7  9 26  6 19 33 35 26 22  2 11 11 26 43  9 40 19 39 49  0  0  0  0  0
   0  0  0  0  0  0  0]]"
0.4129999876022339,226.6999969482422,0.7137,"[[12 25  1  6 14 48 37 25 12 24 10 43 18  9 38  1 42  8 45  9 24  8 26  8
  44 13 14 45  1 47  6]]"
0.8799999952316284,119.71199798583984,0.9121,"[[34 38 37 35 14 18 41 30 37 49  0  0  0  0  0  0  0  0  0  0  0  0  0  0
   0  0  0  0  0  0  0]]"
0.4099999964237213,716.7890014648438,0.5166,"[[22  1  1  3  4 34 47 21 15 25  4 13 48 47 25  1 43 34 13 39 30  1 12  7
  43 34 11 41 39 43 41]]"
0.4090000092983246,881.5989990234375,0.4504,"[[24  7 30 40 42 23  8 38  3 18 49  0  0  0  0  0  0  0  0  0  0  0  0  0
   0  0  0  0  0  0  0]]"
0.4099999964237213,841.22998046875,0.4668,"[[29 46  9 18 37 32 47 47 45 36 18 29 19 27  1 43 18 43 49  0  0  0  0  0
   0  0  0  0  0  0  0]]"
0.4050000011920929,887.0189819335938,0.4469,"[[37 21 32 48  3 40 45  2  1  4  1 38 45 15  4 43 36 31 49  0  0  0  0  0
   0  0  0  0  0  0  0]]"
0.4099999964237213,813.35302734375,0.478,"[[38 29 26 46 17 37 17 44  2 13  9  7 14 35  4  2 32 46 27 29 42  5 10 44
   4  7 49  0  0  0  0]]"
0.41200000047683716,917.8300170898438,0.4369,"[[20 14 24 15 46 18 13 11 44 38 27 45  8 39 37 15 29 45 16 29  9 33 45 30
  17  2 41 43 49  0  0]]"
0.8640000224113464,244.16400146484375,0.857,"[[36 39 27 11 45 25 27 43 37 36 37  1 45  7 47 26 41  4 45 16 12 11 27  1
  28 47  9  3  5  1 15]]"
0.8130000233650208,439.8160095214844,0.7617,"[[ 1 27  3 34  1 42 32 29 27 37 29 41 20 41 28 47 45 11 41 26 25 21 42 29
  42 21  1 24 48 10 20]]"
0.4059999883174896,841.9869995117188,0.4652,"[[27 23 39 10 30 44 18  8 36 18  6 30 33 44 49  0  0  0  0  0  0  0  0  0
   0  0  0  0  0  0  0]]"
0.40299999713897705,1048.3480224609375,0.401,"[[ 5 23 10 18  1 25 34 25 10 47 40 29 11 22 17 25 44 28 33 36 15 13 22 18
  26 11 30 17 15 21 29]]"
0.40799999237060547,1019.35498046875,0.4027,"[[13 22 44 43 12 21 43 42  2 40 26 41 13 14 48  2 10 16 26 48  7  1 43 21
  49  0  0  0  0  0  0]]"
0.40400001406669617,787.2620239257812,0.4864,"[[28 27 20 19  9 15  1 37 12 37  2  1  1  6 22 47  6 29 44 45 30 17 28 48
  47  7 26  6  6 29 12]]"
0.4050000011920929,863.385009765625,0.4563,"[[17 12 19 14 31 29 40 22 11  3 38 29 49  0  0  0  0  0  0  0  0  0  0  0
   0  0  0  0  0  0  0]]"
0.41100001335144043,810.3400268554688,0.4795,"[[24 27 14  4 31 33 29 26 39 27 41 14  4 44  7 49  0  0  0  0  0  0  0  0
   0  0  0  0  0  0  0]]"
0.4090000092983246,1039.7969970703125,0.403,"[[20  7 32 22 38 12 32 17 20 20 35 23  4 17  2  1 15 15 18 29  5 49  0  0
   0  0  0  0  0  0  0]]"
0.4050000011920929,983.8049926757812,0.4081,"[[ 1 15  9 41 23  1 36 26 15  1 32 22 28 47 21 10 16 33 23 33 12 43 49  0
   0  0  0  0  0  0  0]]"
0.4050000011920929,892.3460083007812,0.4447,"[[13 18 18  5 16 26 39 45 11 20 25 19  4 49  0  0  0  0  0  0  0  0  0  0
   0  0  0  0  0  0  0]]"
0.4099999964237213,1024.032958984375,0.4033,"[[18 19 47  6  3 45 40 39 25  7 10 40 22 27  6 20 27 17 15  4 11 18  9 10
  46 11 13 33 29 13  2]]"
0.4090000092983246,825.760009765625,0.4727,"[[ 7 20 35  5 47 11 45 49  0  0  0  0  0  0  0  0  0  0  0  0  0  0  0  0
   0  0  0  0  0  0  0]]"
0.7440000176429749,825.3809814453125,0.5845,"[[29 47 31  1 19  8  4 15 39  6 31  9 21 22 30 49  0  0  0  0  0  0  0  0
   0  0  0  0  0  0  0]]"
0.4129999876022339,309.0769958496094,0.6807,"[[ 4 12 47 24 19 25 13 30 18  8 18  7 29 10 14 26  6 22 44 47 44 40 36 43
  44 38 47 37 39 19 19]]"
0.8949999809265137,445.9809875488281,0.7866,"[[ 8  1 19 31 27 30 19 26 41  3 22  4 26  5 21 38 22 44 10 47 38 47 29 44
  12  4 30  1 43 10 41]]"
0.824999988079071,259.4960021972656,0.8379,"[[10 20 14  4 12 47 34  1 24  4 49  0  0  0  0  0  0  0  0  0  0  0  0  0
   0  0  0  0  0  0  0]]"
0.6830000281333923,706.4000244140625,0.6118,"[[14 43 44  7 13 44  7 14 47 38  3 38 14 15 17  3 41 46 49  0  0  0  0  0
   0  0  0  0  0  0  0]]"
0.4009999930858612,1122.968994140625,0.4003,"[[16 21 48  1 18  5  3 47  3 37 47 47 15 18 38 38 35 48  7 13 33 23 10 37
  37 23 17 27  7 46  4]]"
0.8500000238418579,378.58599853515625,0.7986,"[[ 1  5  8 24 15 12 30 49  0  0  0  0  0  0  0  0  0  0  0  0  0  0  0  0
   0  0  0  0  0  0  0]]"
0.4050000011920929,752.989013671875,0.5005,"[[ 5 34 19 19 23 46 46 28 34 48 33 46 11 21  5 27  7 11 27 17  6 25 16  6
  47 29 36  2 40  9 18]]"
0.7850000262260437,561.3720092773438,0.7038,"[[31  3 10 21  5 32 22  1  9 49  0  0  0  0  0  0  0  0  0  0  0  0  0  0
   0  0  0  0  0  0  0]]"
0.4180000126361847,628.905029296875,0.5544,"[[10 14 22 24  5 40 20 16  9  9 41 36 38 49  0  0  0  0  0  0  0  0  0  0
   0  0  0  0  0  0  0]]"
0.47600001096725464,111.76200103759766,0.7806,"[[ 6 28 42  9  7  3 46  1 11 33 45 38 46  1  7 23 32 14 11 31  6 38 44 27
  20 20 38 17 29  6  6]]"
0.40700000524520874,1343.1920166015625,0.4023,"[[11 22 13 10 43 30 30 11  4 48 38  8 38 41 11 13 29 19 27 19 21 14 24  7
  23 13 23 43 30 16 21]]"
0.4099999964237213,1012.0889892578125,0.4033,"[[20 25 17 31 31 42 21 31 45 21  1 41 32  1 29 47 45 20 44 17 34 38 16 26
  32 42 23 39 41 22  6]]"
0.8859999775886536,82.51200103759766,0.929,"[[ 2  1 42 48 25 40 37 42 49  0  0  0  0  0  0  0  0  0  0  0  0  0  0  0
   0  0  0  0  0  0  0]]"
0.8199999928474426,692.4639892578125,0.663,"[[26 47 29 28 13  1 46  4 37 35 22 14 43 10 23 46 36 38 24 33  1 15 20 46
   3 15 32 30 42 11 26]]"
0.8939999938011169,127.53800201416016,0.9137,"[[14 28 37 30 48 30  4 20 19  1 12  1 26 20 35 36 46 44 38 39 27 46 16 21
  49  0  0  0  0  0  0]]"
0.4129999876022339,172.90699768066406,0.7352,"[[27 36 18 48 47  9 12 46 15 37 25 15 18  7 11  9 41 36 34 43 12 40 42 22
   3  4  8  8 38 21 36]]"
0.8799999952316284,451.3949890136719,0.7794,"[[ 8 29 20  6 39 26 46  5  8 32 49  0  0  0  0  0  0  0  0  0  0  0  0  0
   0  0  0  0  0  0  0]]"
0.41200000047683716,880.593017578125,0.4518,"[[25 11 14  4  5 47 14  9 39  2 37 13 36  1 10 48  5 23 27  9  3 40 18 17
  14 21 23 35  8 47 30]]"
0.8920000195503235,75.8290023803711,0.9337,"[[ 6  1 10 34 46 14  1 30  6 49  0  0  0  0  0  0  0  0  0  0  0  0  0  0
   0  0  0  0  0  0  0]]"
0.890999972820282,204.9149932861328,0.8817,"[[18 18 11 30 30 17 30  1 26 48 30 17 48 11 23 18 28 26 22  3  8 37 10 24
  47 40 42 26 19 41 10]]"
0.4129999876022339,693.6640014648438,0.5269,"[[ 1 11 34 18 30  5  7  1 19  6 44 42 33 28  5  1 31 48 18 29 20 35 45 26
  27 39 49  0  0  0  0]]"
0.4830000102519989,564.156005859375,0.602,"[[10 15 37  1  1  1  9 41 42 29  3 28 43  2 11  8 45 28 24 39 17  5 24 35
  20 44 14 49  0  0  0]]"
0.41100001335144043,923.6420288085938,0.4342,"[[ 3  9  3 27  1 27 15  7 43  1 45 19 17  7 22 29 48 23 31  5 49  0  0  0
   0  0  0  0  0  0  0]]"
0.8610000014305115,270.4169921875,0.8455,"[[33 36 11 15  8 41 29 36 18 37 16 44 23 48 10  9 23 17 10 17  5 18 19  1
  22 17 22  1  5 30 39]]"
0.4099999964237213,752.5590209960938,0.5023,"[[34 47 31 33 25 44 28 15 46  3 23 24  5  1 48 45 37 17 14 12 15 30 48 49
   0  0  0  0  0  0  0]]"
0.5759999752044678,814.1220092773438,0.533,"[[29 18 44  6  1 37 21 38 12  1 42 10 26 46 38 49  0  0  0  0  0  0  0  0
   0  0  0  0  0  0  0]]"
0.4390000104904175,801.39697265625,0.4924,"[[36 16 13 39 47 32 36 49  0  0  0  0  0  0  0  0  0  0  0  0  0  0  0  0
   0  0  0  0  0  0  0]]"
0.4050000011920929,1030.68701171875,0.4017,"[[13 31 25 11  4 10 23 45 12 36 12 43 20 47 46 12 32 44 17 30 34 27 30 42
  18 15 29 14 26  4 17]]"
0.4129999876022339,879.2860107421875,0.4526,"[[26 22 40 47 11 30 42  1  1 34 41 23 35 34 14 33 29 22  5 49  0  0  0  0
   0  0  0  0  0  0  0]]"
0.4090000092983246,930.697021484375,0.4307,"[[34 19 39 28  5 41 15  5 14 18 26 32 18  9 13 23  2 32 35 44 38  7 24  8
  43 20  4 44 19 46 39]]"
0.41200000047683716,641.5390014648438,0.5474,"[[30 13  2 13 26  1 19 35  1 25 38 29  1 37 24 36 24  1 30  1 45 45  6 44
  46 28  5 18  5 19 45]]"
0.4399999976158142,671.18701171875,0.5449,"[[27 20 25 14 35 39 11 28  6 40 30 38 16 34  6 39 43 35  8 18 22 33 32  3
  49  0  0  0  0  0  0]]"
0.40799999237060547,995.2579956054688,0.4046,"[[20 35 35 30 38 32  1  7 29 38 19  8  9  5  1 16  6 17 48 12 16 41  1 21
  49  0  0  0  0  0  0]]"
0.41100001335144043,710.52099609375,0.5195,"[[ 1 25  9 37 47  7 48 35  3 49  0  0  0  0  0  0  0  0  0  0  0  0  0  0
   0  0  0  0  0  0  0]]"
0.43299999833106995,826.280029296875,0.4805,"[[10 46 45 25 18 48 34 46 27  5 16 35 38 24 46 17 49  0  0  0  0  0  0  0
   0  0  0  0  0  0  0]]"
0.40700000524520874,819.1300048828125,0.4747,"[[ 2 21 44  6 30  3 26 35 23 32 49  0  0  0  0  0  0  0  0  0  0  0  0  0
   0  0  0  0  0  0  0]]"
0.41100001335144043,935.4210205078125,0.4295,"[[19  4 40 16  5 14  5  5  6 17 47 49  0  0  0  0  0  0  0  0  0  0  0  0
   0  0  0  0  0  0  0]]"
0.4059999883174896,1191.6109619140625,0.402,"[[35 25 29 15 22 28  5 15  1 21 18  1 29  1 14 19  6 13 34 29 23 19  1 30
  21 35 39 41  4 27 15]]"
0.8970000147819519,95.86399841308594,0.9273,"[[41 18 38 12 16 39 43 35 21 30 22  8 38 46 49  0  0  0  0  0  0  0  0  0
   0  0  0  0  0  0  0]]"
0.4090000092983246,924.708984375,0.4331,"[[24  8 28 48 35 13 35 19 29 34 22 28 14 39  4 25 27 20 49  0  0  0  0  0
   0  0  0  0  0  0  0]]"
0.41200000047683716,1048.85205078125,0.404,"[[37 11 21 12 13 29 36 21 22 27 32 47 34  1 41 45 14 27 11  1 16 45 29  7
  47 10 23 33 10 48 36]]"
0.4020000100135803,1010.6619873046875,0.4007,"[[13 44 15 45 44 28 10 45 29 19 23 38 30  9  1 48 23  9 17 44 47  8 19 17
  36 39  3 22 25 41 30]]"
0.40700000524520874,1433.02099609375,0.4023,"[[38  9 19 39 17 25 27 21  3 25 31 18 12 23 36 37 30 32 46 17  2 25  6 35
  21 10 23 33  4 19 16]]"
0.4099999964237213,856.572998046875,0.4607,"[[20 40 33  1 23 40 41 12  1  5  2 49  0  0  0  0  0  0  0  0  0  0  0  0
   0  0  0  0  0  0  0]]"
0.7540000081062317,823.1810302734375,0.5887,"[[ 5 28 17 40 33 48 16 37 21  3 49  0  0  0  0  0  0  0  0  0  0  0  0  0
   0  0  0  0  0  0  0]]"
0.4059999883174896,850.6719970703125,0.4617,"[[17 38 24 44 37 42 16  3 11 49  0  0  0  0  0  0  0  0  0  0  0  0  0  0
   0  0  0  0  0  0  0]]"
0.7179999947547913,395.75,0.7477,"[[12 29 27 18 28 12 39 46 31 41  9 25 42  1 49  0  0  0  0  0  0  0  0  0
   0  0  0  0  0  0  0]]"
0.8989999890327454,329.4419860839844,0.8346,"[[26 25 40  9 43  8  2 18 46 24 13 32 24 49  0  0  0  0  0  0  0  0  0  0
   0  0  0  0  0  0  0]]"
0.8169999718666077,331.5710144042969,0.8064,"[[27 48 42  1 27 25 34 28 25  2 20 31  2  1 15  8 26 48 30 41 42 20 11 41
  20  6 22  7 23 16  3]]"
0.40799999237060547,836.573974609375,0.468,"[[17 24 21 30 39 44 44 10 37 36  3 22 11 26 41 17 19 39 11 34 33 33 38 43
  43 44 39 18 39 45  7]]"
0.40400001406669617,922.781982421875,0.4322,"[[21  1 17  6 26 43  7 46 44 48 18 47 25 14 14 48 45 34 13 30 15  2 48 27
  21 29 34 30  6 49  0]]"
0.8270000219345093,333.11199951171875,0.8091,"[[28 35 39  6 11 36  5 40 16  9  5 26 49  0  0  0  0  0  0  0  0  0  0  0
   0  0  0  0  0  0  0]]"
0.41100001335144043,687.8350219726562,0.5285,"[[ 9 35 43 19  4 36 29 11 26 28 47 38 28 26 41 32 48 19 22 24 35 47 42 16
  32 41 46 35  2 10  9]]"
0.4059999883174896,947.6510009765625,0.4229,"[[20 15  5 44 23 14  2 31 49  0  0  0  0  0  0  0  0  0  0  0  0  0  0  0
   0  0  0  0  0  0  0]]"
0.40799999237060547,1058.239990234375,0.4027,"[[ 1 21 48 19 36 27 29 31 39 42  5 21 38 23 21  8  5  8 16 23 24 27  5 13
  35  8  1 35 27 29 47]]"
0.40700000524520874,910.0549926757812,0.4383,"[[15 28 16 28 45 47 45 46 36 49  0  0  0  0  0  0  0  0  0  0  0  0  0  0
   0  0  0  0  0  0  0]]"
0.4169999957084656,178.6959991455078,0.7342,"[[34  1 28  9 48 40 32 39 11 29 26 49  0  0  0  0  0  0  0  0  0  0  0  0
   0  0  0  0  0  0  0]]"
0.8399999737739563,128.88600158691406,0.8951,"[[30 35  6  8 25  7 18 42 37 42 44 47  1 30 49  0  0  0  0  0  0  0  0  0
   0  0  0  0  0  0  0]]"
0.414000004529953,602.6849975585938,0.5636,"[[ 9 11  3 17 34 39 10 35 44 20 19 19 44 38  6  9  7 37 42 31 44 13 34 39
  12  7 18 16 33 36 33]]"
0.8270000219345093,147.11900329589844,0.8835,"[[42 35 41 28  3 23 42 22 33 21 45  8 19 21 23 24 45 39 19 26 15 21 21  3
   3 20  7 44 35 37 43]]"
0.40799999237060547,892.8989868164062,0.4455,"[[13 27 18 48  1  7 19 49  0  0  0  0  0  0  0  0  0  0  0  0  0  0  0  0
   0  0  0  0  0  0  0]]"
0.8560000061988831,617.697998046875,0.7049,"[[37  7  8 45 16 42 23 11 11 27 23 17  7  1  5 44 42 32 26 27  6 13  1 34
  42 33 10  9 18 45 33]]"
0.4090000092983246,788.281005859375,0.4877,"[[ 9 25 45 30 34 35 44 43  7 12  7 12  8 16  8  5 24 11 45 26 28  1  9 13
  41 35 46 26 11 39  3]]"
0.8840000033378601,305.4830017089844,0.8391,"[[39  5  4 18 36 14 35 46 24 14 39  6 49  0  0  0  0  0  0  0  0  0  0  0
   0  0  0  0  0  0  0]]"
0.4090000092983246,868.27197265625,0.4557,"[[35 17 19 10 28  1 31  4  3 49  0  0  0  0  0  0  0  0  0  0  0  0  0  0
   0  0  0  0  0  0  0]]"
0.41100001335144043,643.4929809570312,0.5463,"[[30  1 44 38 23 32 15 10 32 23 13 39 25 47 13  8 10  1  2 39 13  1 25 41
  48  7 33 11  6 30  2]]"
0.4050000011920929,869.5549926757812,0.4538,"[[20 23 11  7 42  1 19 18 41 11 30 30 35 40 35 26 20 10 27 23 11 49  0  0
   0  0  0  0  0  0  0]]"
0.8820000290870667,251.4810028076172,0.8601,"[[ 5  3  1 36 15  5 34 33 21 34 15 34 28  3 15 43 44  6 19 46 39 23  6 47
  47 20 33 36  5 26 47]]"
0.4020000100135803,995.0139770507812,0.4027,"[[23 24 23  3 44 15 47  8  6  2 42 10 26 47 16 24 14 27 21 21 32 43 44  6
  49  0  0  0  0  0  0]]"
0.4090000092983246,845.2639770507812,0.4649,"[[12 19 44  2 25 18 29  1 35 38 24 34 48 34 18 39 10 22 36 47 49  0  0  0
   0  0  0  0  0  0  0]]"
0.45399999618530273,415.4339904785156,0.6518,"[[37 25  2 19 44 44 43 48  5 38 45 25 36 29 17 18 29 29 21 44 41 38  8 24
  15 27 49  0  0  0  0]]"
0.41200000047683716,886.1439819335938,0.4495,"[[34 20  7 23 44 17 15 11 49  0  0  0  0  0  0  0  0  0  0  0  0  0  0  0
   0  0  0  0  0  0  0]]"
0.4050000011920929,826.8829956054688,0.4709,"[[34 21 15 11 48 32 15 37  1 36 20 32 21 11 10 41  6 32 23  1 38 47  1 16
  14 13 46 47 31  4 26]]"
0.8090000152587891,206.37399291992188,0.8538,"[[41 36  7 24 17  4 39 49  0  0  0  0  0  0  0  0  0  0  0  0  0  0  0  0
   0  0  0  0  0  0  0]]"
0.40400001406669617,929.7379760742188,0.4294,"[[26 19 39 36 14  7 45 19 14  1 32 26 24 19 39  9  8 19 37 49  0  0  0  0
   0  0  0  0  0  0  0]]"
0.40799999237060547,967.780029296875,0.4156,"[[28 21 36 13 40  9 23 31 14 21 17  9 12 45 13  1 23 13 48 40 49  0  0  0
   0  0  0  0  0  0  0]]"
0.4059999883174896,921.6610107421875,0.4333,"[[20 13 36 15 20 24 15 18 13  1  5 34 17  3 10 31 38 30 18 18  2  1  1 13
  49  0  0  0  0  0  0]]"
0.4350000023841858,851.5989990234375,0.471,"[[ 7  3 35  8 22  1 28 33  1  2 10 19  1 19 12 21 33 16  5 19 38 33 39 49
   0  0  0  0  0  0  0]]"
0.4059999883174896,830.2769775390625,0.4699,"[[12  9  9 21  9 15  1  2 34 14  9 16 43 26 44 23 11 22 15 43 44 33  3 26
   4  7 42 49  0  0  0]]"
0.8970000147819519,199.69900512695312,0.8858,"[[41 10  7  1 15 21 20 28 26 35 40  7  8 15 47 49  0  0  0  0  0  0  0  0
   0  0  0  0  0  0  0]]"
0.4129999876022339,978.1820068359375,0.4131,"[[ 1 45 37 15 15 26 44 45 21 31 25 23  2 18  6 21 12 12  9 44 40 49  0  0
   0  0  0  0  0  0  0]]"
0.4059999883174896,1207.7359619140625,0.402,"[[ 9 23  1  2 25 25  5 37 12 25 48  6 39 22 23 14  1 12 16  4 39 20  2 15
   7  9 44 33  1 12 23]]"
0.41499999165534973,181.17999267578125,0.7325,"[[14 25 42 24 35  3 19 28 43 19 43 23 37 39 47 23 38 49  0  0  0  0  0  0
   0  0  0  0  0  0  0]]"
0.871999979019165,626.7219848632812,0.7066,"[[ 5 25 26 33 45 36 15  7 40  4 30 39  8 36 49  0  0  0  0  0  0  0  0  0
   0  0  0  0  0  0  0]]"
0.41100001335144043,743.5499877929688,0.5062,"[[41 15 27 26 39 26 11 39 11  1 29 44 32 38  6 37 16 49  0  0  0  0  0  0
   0  0  0  0  0  0  0]]"
0.4090000092983246,957.9080200195312,0.4198,"[[17 46 36 47 19 48 43 41  6 33 38 28 32 47 41 46 18 35 13 49  0  0  0  0
   0  0  0  0  0  0  0]]"
0.8759999871253967,764.7589721679688,0.6528,"[[ 3 12  8  2 44 15 34  3 36 17  3 18 13  1 26 45 13  6  1 20 39 14 32 18
  29 22 26  9 21 33 18]]"
0.8799999952316284,803.43701171875,0.6386,"[[41  8 26 15 38  1 39 47 11  4 12 43 18  4 40  8 44  9 46 21 37 15 43  5
  30 17  1 19 44 14 30]]"
0.8790000081062317,513.9660034179688,0.7541,"[[26 24 42 42 27  4  1 49  0  0  0  0  0  0  0  0  0  0  0  0  0  0  0  0
   0  0  0  0  0  0  0]]"
0.4099999964237213,1124.677978515625,0.4033,"[[ 1 22  7  3 26  1 17  1 19 25 11  1  8 19  5 24 22  9  9 42 25 21  3 41
  27 20 46 13 35 11 23]]"
0.4090000092983246,893.7689819335938,0.4455,"[[ 3 47 24 42 24 38 39 26 34 46 22 37 30 41  8  9 49  0  0  0  0  0  0  0
   0  0  0  0  0  0  0]]"
0.8080000281333923,587.3319702148438,0.7011,"[[ 6 45  3 25  1 40 44  1 27 40 30 19  1 24 34 11 20  3  1 28 41 30  8 39
   2 48 39 43 42 39 30]]"
0.871999979019165,381.57000732421875,0.8047,"[[38 37  1 45 31 14 20 49  0  0  0  0  0  0  0  0  0  0  0  0  0  0  0  0
   0  0  0  0  0  0  0]]"
0.4099999964237213,827.4199829101562,0.4724,"[[ 3 35  1 25 31 47 42 17 10 34 24 47  2 29 37 38  5 36 36 23 37 46 35 49
   0  0  0  0  0  0  0]]"
0.4099999964237213,1097.2750244140625,0.4033,"[[39 46 17  6 13 21  3  1  4 41 40 14 36  9 36 46 48  6 45  1 37 43 12 43
  18 15 46 19 43 19 26]]"
0.4129999876022339,789.6619873046875,0.4885,"[[41 15 37 28 46 36 47 43 37 48 11 33 32 49  0  0  0  0  0  0  0  0  0  0
   0  0  0  0  0  0  0]]"
0.4129999876022339,842.5180053710938,0.4673,"[[ 6 14 21 12 17 24 17 44 11 49  0  0  0  0  0  0  0  0  0  0  0  0  0  0
   0  0  0  0  0  0  0]]"
0.4099999964237213,846.322021484375,0.4648,"[[38 15 39  7  5 46  1 16 14 49  0  0  0  0  0  0  0  0  0  0  0  0  0  0
   0  0  0  0  0  0  0]]"
0.4410000145435333,800.9920043945312,0.4933,"[[ 6 13 45  8 12 11 20 44 45 31 49  0  0  0  0  0  0  0  0  0  0  0  0  0
   0  0  0  0  0  0  0]]"
0.4129999876022339,320.00201416015625,0.6763,"[[ 7 36  4 14 12 27 10 38 48 11 21  2 10 48 22  5 30 49  0  0  0  0  0  0
   0  0  0  0  0  0  0]]"
0.4129999876022339,554.6519775390625,0.5825,"[[33 16  4 15  1 18 43 24 15  8 42 24 22  8 27 21 19 36  2  1  4 43 44 24
   3  1 49  0  0  0  0]]"
0.40700000524520874,958.3099975585938,0.419,"[[32 13 35 21 23 23  9  7 13  1 35 43 45 22 26 29 25  2 17 12  3 48  9 11
  33 30 38 11  8 15 18]]"
0.4009999930858612,918.2420043945312,0.433,"[[15  8 20 43 47  9  2 12 34  9  7 43 46 39  7 23 39 45 48 24 42 14 18 47
   4 49  0  0  0  0  0]]"
0.8700000047683716,114.88400268554688,0.9107,"[[ 4 30 25  2  7 16 25 10 44 20  3 43  2  1  5 12 39 15  9 32 39 42 29 29
   6 27 24 36 46 29 32]]"
0.42500001192092896,225.6490020751953,0.7181,"[[ 4  4 19 34 26 39 10 49  0  0  0  0  0  0  0  0  0  0  0  0  0  0  0  0
   0  0  0  0  0  0  0]]"
0.4020000100135803,1397.0159912109375,0.4007,"[[29 23 25 15 11 23 30 24 11 34 44 12 33 41  1 27  9 12 29 11 39 23 20 36
   1 19 20 27 13  7 19]]"
0.8840000033378601,174.95199584960938,0.8914,"[[40  9 32 42 26 44 11 28 26 38 45 40  9 45  8  3 47 46  7 47 37 39  9 41
  47 39 19 19  6 47 31]]"
0.8809999823570251,129.73500061035156,0.9084,"[[37  8 36 10 46  7  6  5 11 33 31 12 20 39 48  9 15  5 22 10 38 36 49  0
   0  0  0  0  0  0  0]]"
0.8619999885559082,183.5780029296875,0.8806,"[[18  3 42 27 47 39  5 28 14 20  9 44 15 23 40 35  9 46 39 36 38 43 30 18
  13 10 33  9 23 42 19]]"
0.8339999914169312,246.60899353027344,0.846,"[[ 8 25  9 46 24 38 44 49  0  0  0  0  0  0  0  0  0  0  0  0  0  0  0  0
   0  0  0  0  0  0  0]]"
0.40299999713897705,1343.3409423828125,0.401,"[[22 11 23 28  9 20 41 41 38 33  7 37 18 16 24 45 43 32 43 26  4 38 43 46
  30 13 38 41  2 23 17]]"
0.4099999964237213,929.8419799804688,0.4314,"[[17 35  4 31 27  5 11 48 27  9 18 27 12 13  9 26 48 22 48 21 49  0  0  0
   0  0  0  0  0  0  0]]"
0.6320000290870667,784.9099731445312,0.5634,"[[26 46 29 22  1 38  4  8 31  1 48 30  1 23  1 29 47 28  9 30 34 25  5 29
   9 44 30 12 35 36 49]]"
0.40299999713897705,787.3159790039062,0.4861,"[[13 46  3 43 17 14  1 24  5 35 40  3 36  9 36  8 47 40  6 47 34 14  1 16
  49  0  0  0  0  0  0]]"
0.8339999914169312,331.7820129394531,0.812,"[[38 27  1 34 46  9 31 27  6 45 17 23 11 47  9 38 13 22 19 36 34  9 10 49
   0  0  0  0  0  0  0]]"
0.40700000524520874,873.2750244140625,0.453,"[[38 15  9 29 33 47  7  2 19 14 22 44 33  8 32 43 38 46 22 22 42 49  0  0
   0  0  0  0  0  0  0]]"
0.8289999961853027,410.26800537109375,0.7789,"[[39  7 30 45 41 34 15 12 14 49  0  0  0  0  0  0  0  0  0  0  0  0  0  0
   0  0  0  0  0  0  0]]"
0.4169999957084656,876.739990234375,0.455,"[[40 13 19 28 15 32 28 11 49  0  0  0  0  0  0  0  0  0  0  0  0  0  0  0
   0  0  0  0  0  0  0]]"
0.40799999237060547,939.426025390625,0.4269,"[[19 20 37  6 29 16  8 27 43 40 23 12 24 49  0  0  0  0  0  0  0  0  0  0
   0  0  0  0  0  0  0]]"
0.7680000066757202,56.577999114990234,0.9,"[[ 4  4 42  4 14 45 21 18 11 17 27 22 29 14  7 35 11  3 26 38  6 13  2 47
  26 20 20  8 42 38 43]]"
0.4099999964237213,892.1669921875,0.4465,"[[24  5 11  8 31  3 22 45 49  0  0  0  0  0  0  0  0  0  0  0  0  0  0  0
   0  0  0  0  0  0  0]]"
0.8889999985694885,95.29000091552734,0.9249,"[[ 6 40 28 47 40  2 32 37  7 30 10 16 49  0  0  0  0  0  0  0  0  0  0  0
   0  0  0  0  0  0  0]]"
0.40400001406669617,871.573974609375,0.4527,"[[41 27 19 34 44 17 31 20  9 15 18 28 28 47 23  9  4  6 44 38 37 39 19 49
   0  0  0  0  0  0  0]]"
0.421999990940094,224.7570037841797,0.7174,"[[38 29  4 43  7 33 20 41 47  3 31 32  7  3  7 43 45  4 22 46 49  0  0  0
   0  0  0  0  0  0  0]]"
0.8519999980926514,112.7699966430664,0.9056,"[[ 2 14 29 15 38  9 10 27 24 49  0  0  0  0  0  0  0  0  0  0  0  0  0  0
   0  0  0  0  0  0  0]]"
0.4090000092983246,563.666015625,0.5775,"[[13 12 12  5 35 33 17 30 25  1 19 37 10 28 28 29 38 39 26  8 44 33  8 17
  16 27 18 10  6  8  6]]"
0.8370000123977661,270.2879943847656,0.8376,"[[31 26 46 18 21 39 35 47 45 43 18 22  5 49  0  0  0  0  0  0  0  0  0  0
   0  0  0  0  0  0  0]]"
0.8970000147819519,609.7979736328125,0.7217,"[[37 10  2 26 41 23  8 48 27 14 41  8 38 16 18 11 45 17 19 17 44 43 44  4
  14 45 41 35 36 35  2]]"
0.4090000092983246,787.2360229492188,0.4881,"[[ 1  3 19  8 11 45 31 38 11 38 31 23 28 14  7  9  5 39  8 46 47 30  8 34
  20 10 46 33 49  0  0]]"
0.6539999842643738,626.4429931640625,0.6341,"[[25 41 15  8 42  9 10  5 21  2 48  5 45 14 23 49  0  0  0  0  0  0  0  0
   0  0  0  0  0  0  0]]"
0.41100001335144043,641.5330200195312,0.5471,"[[25  1 39 28 44 14 21 28 37 13 19  3 37 14 11 30  3 19 26 30 12 40 19 47
  49  0  0  0  0  0  0]]"
0.4050000011920929,1088.0830078125,0.4017,"[[10 21  5 34 17 21  9 46 45 15 20 14 22 19  1  5  3 19 44 44 29 35 40 46
  18 16 13 46 39 14 49]]"
0.8040000200271606,203.00100708007812,0.8535,"[[37 18  1 39  1  1 21 24 34 12 48 42 32 39 18 23 47 16 22 18 42 14 22 44
  14 23 35 19 30  3 15]]"
0.40700000524520874,806.3369750976562,0.4798,"[[41 23  4 41 41 47 34 49  0  0  0  0  0  0  0  0  0  0  0  0  0  0  0  0
   0  0  0  0  0  0  0]]"
0.4099999964237213,892.3740234375,0.4464,"[[29 27 21 43 10 33 31 21 11 49  0  0  0  0  0  0  0  0  0  0  0  0  0  0
   0  0  0  0  0  0  0]]"
0.414000004529953,469.7669982910156,0.6168,"[[38 43 44 12 38  9 43 12 13 30  1  9 26 19 31 30 30  4 33 28 24 36 44 21
  49  0  0  0  0  0  0]]"
0.7879999876022339,651.4299926757812,0.6688,"[[38 38 16 38 23 33 47 43 10  8 19 34  3 10 42 42 43 10 32 16 26 32  4 19
  13 42 35 47 10 13 36]]"
0.8730000257492065,171.83900451660156,0.8889,"[[39 35 35 29 34 27 20  9 29 32  6 45 20 39 23 23 47  4  9 24 47 25 35 10
  19 23 33 19 43 27 16]]"
0.8479999899864197,796.8909912109375,0.6306,"[[27 31 17 33  2 14 42  7  3 14 48 48 20 19 10 49  0  0  0  0  0  0  0  0
   0  0  0  0  0  0  0]]"
0.8379999995231628,150.1929931640625,0.8859,"[[41 10 38  2 12 37 20  2 14 21  4 12 29 23 13 23 45 49  0  0  0  0  0  0
   0  0  0  0  0  0  0]]"
0.6660000085830688,257.9280090332031,0.7855,"[[ 6  5 24 41 11  5 29 27 35  2 48 44 19 30  6  9 33 39 21 31 47 48 43 20
  14 44 38 12 18 49  0]]"
0.4090000092983246,1166.592041015625,0.403,"[[22 48 17 26 32 25 28 10  1 45  4 12 44 22  8 13 29 18 16 45 19 39 43  1
  39 26  5  4 46 41 23]]"
0.8970000147819519,68.16500091552734,0.9384,"[[41  8  9 43 25 34 33  9 43 35 48 49  0  0  0  0  0  0  0  0  0  0  0  0
   0  0  0  0  0  0  0]]"
0.40700000524520874,504.0580139160156,0.6007,"[[36  2 39 44 11 14 21 48 11 40  7 41 15  7 10 45 39 19 26 24 26  1 43 24
  14  5 14 46  2 48 15]]"
0.8970000147819519,431.25299072265625,0.7932,"[[41 10 13 36  4 40 20 15 11 38 14 23  3 14 22 26 30 22 44 24 38 14 44 26
  49  0  0  0  0  0  0]]"
0.460999995470047,288.79998779296875,0.7048,"[[41 25  9 17 10 45 20 49  0  0  0  0  0  0  0  0  0  0  0  0  0  0  0  0
   0  0  0  0  0  0  0]]"
0.4410000145435333,747.1500244140625,0.5148,"[[42 45  2 27 20  9  1 38 35 27 35 47 10 24 30 38 15 18 13 34 20  8 47 36
   2  1  8 41 30 46 36]]"
0.8849999904632568,71.7040023803711,0.933,"[[41 18  4 43 34 34 20 49  0  0  0  0  0  0  0  0  0  0  0  0  0  0  0  0
   0  0  0  0  0  0  0]]"
0.40799999237060547,900.7210083007812,0.4424,"[[13 34 26 15 38 27 10  7 11 31 32 12 23 18 24 49  0  0  0  0  0  0  0  0
   0  0  0  0  0  0  0]]"
0.41100001335144043,845.4879760742188,0.4655,"[[ 1 45 36  8 37  7 10 21  3 49  0  0  0  0  0  0  0  0  0  0  0  0  0  0
   0  0  0  0  0  0  0]]"
0.4350000023841858,218.53900146484375,0.7243,"[[ 1  3 37 25 14 42 10 27 30 23 45 32 14 39  7 38 48 17 48 48  8 19 43 34
   9 19 17 46 13  7 23]]"
0.41600000858306885,99.33899688720703,0.7656,"[[10 28 27  2 24  2 41 36 49  0  0  0  0  0  0  0  0  0  0  0  0  0  0  0
   0  0  0  0  0  0  0]]"
0.4339999854564667,235.4980010986328,0.7171,"[[26 30 38 25 25 16 32 49  0  0  0  0  0  0  0  0  0  0  0  0  0  0  0  0
   0  0  0  0  0  0  0]]"
0.40700000524520874,775.4149780273438,0.4922,"[[ 5 40  9 21 23  5  5  9 34 49  0  0  0  0  0  0  0  0  0  0  0  0  0  0
   0  0  0  0  0  0  0]]"
0.40700000524520874,941.4400024414062,0.4258,"[[ 1 30 47 28 21 23  7 30  3 38 48 26 16 18 45 35  4 49  0  0  0  0  0  0
   0  0  0  0  0  0  0]]"
0.5440000295639038,909.5,0.4842,"[[41 15 44 25 24 15 33 11 34 41 31  9 28 11  7  1 30 18 44 22 47 11 43 47
  20 11  7 25 30 22 12]]"
0.8379999995231628,460.5690002441406,0.7618,"[[ 7 31 45  6 17 38  2  5 11  3  1 26  1 46 11 44 15 12 37 43 43 31 17  1
   2 42 32 18 22 19 12]]"
0.8769999742507935,422.7749938964844,0.7899,"[[28 10 13 42 47 34 15 41 40 21 12 44 20  7  9  9 45 38 22 30 38 14 43 10
  16 45  4 19 45 11 15]]"
0.878000020980835,366.0690002441406,0.8129,"[[41  5 20 15 47 33 31  9 14  1 48 43  5 43  7  8 38 39 44 24 42 29 44 44
  33 10 41 19 47  9 44]]"
0.8339999914169312,711.3469848632812,0.6601,"[[41 46 35 29 29 39 20 48 11 47 48 27 20 46  1 23 47 18 22 24 42 30 49  0
   0  0  0  0  0  0  0]]"
0.4009999930858612,1311.6619873046875,0.4003,"[[13 24 34  6 47  6  1  8 11 32  7 27 26  7  7  8 23 45 11 35 37 43 12 16
  19 23 46 33  1 23 24]]"
0.8610000014305115,423.4849853515625,0.7843,"[[12  4  7 44 27 11 47 22  4  3  6 25 49  0  0  0  0  0  0  0  0  0  0  0
   0  0  0  0  0  0  0]]"
0.4090000092983246,813.3909912109375,0.4776,"[[ 1  3 30 23 29 45 12 22 32 29  7 43 31 39  1 33 30 49  0  0  0  0  0  0
   0  0  0  0  0  0  0]]"
0.4050000011920929,904.8319702148438,0.4397,"[[23 34 22 15 39  9 20 18 45 17 48  4 32 14 49  0  0  0  0  0  0  0  0  0
   0  0  0  0  0  0  0]]"
0.4000000059604645,864.4119873046875,0.4542,"[[19 40 20  3 41 40 31 49  0  0  0  0  0  0  0  0  0  0  0  0  0  0  0  0
   0  0  0  0  0  0  0]]"
0.414000004529953,1481.6619873046875,0.4047,"[[22 16  9 15 27 34 25  9  9 32  6 15  1 39 22 23 18 32  6 39 21 19  1 29
  21  5 21 19 18 39 20]]"
0.4099999964237213,802.6539916992188,0.4823,"[[11 45 17 32 35 10 30  5  3 43  8 32  2 49  0  0  0  0  0  0  0  0  0  0
   0  0  0  0  0  0  0]]"
0.8650000095367432,136.8470001220703,0.9003,"[[ 6 29 40 28 46 37  1  2  1 20 45 49  0  0  0  0  0  0  0  0  0  0  0  0
   0  0  0  0  0  0  0]]"
0.40799999237060547,956.4509887695312,0.4201,"[[13 30 37  6 29 14 10  9 13 48 12  5  2 47 47 29  5 31 21 14 26 43 34 32
   7 38 24 19 18 11 45]]"
0.41100001335144043,813.1380004882812,0.4784,"[[41 46 19 15  7  7 31 19 14 40 48 35 20 14  9  9 39 48 22 24  1 43 18 10
  49  0  0  0  0  0  0]]"
0.9010000228881836,480.8609924316406,0.7747,"[[41 25  1 15 17 33  4 24 11 14 40  8 29 47  7 49  0  0  0  0  0  0  0  0
   0  0  0  0  0  0  0]]"
0.41999998688697815,397.3710021972656,0.6477,"[[29 18 25  5 20 29 30  7 40 13  4  3 24 46 49  0  0  0  0  0  0  0  0  0
   0  0  0  0  0  0  0]]"
0.4090000092983246,994.083984375,0.4054,"[[41 46 23 26 32 45 30 22 11 38 31 34  1  4 20  8 18 42 22 41 42 33 44 44
  19 27 33 35 48 36 49]]"
0.5019999742507935,752.8590087890625,0.5329,"[[ 1 35 20 43 17  7 20 29 11  1 48 44 20  7  7 23 45 18 22 36 42 25 12 18
  14 35 33 35 49  0  0]]"
0.8429999947547913,278.260009765625,0.8364,"[[41 25  4 47 22  7 42 28 34 20 45 27 20 46 47  8 47 37 22 24  5 14 43 20
  14  4 46 19 23 17 24]]"
0.40799999237060547,445.3370056152344,0.6245,"[[ 5 46  4 43 34 47 20  9 11 23 12 27 28 46  9  9 45 48  6 24 37 23  5 43
  14 18 24 19 15 23 36]]"
0.6299999952316284,239.28199768066406,0.781,"[[28 33 37 16 17 45 33 27 40 39 46  2 33 49  0  0  0  0  0  0  0  0  0  0
   0  0  0  0  0  0  0]]"
0.890999972820282,228.21499633789062,0.8724,"[[42  3 37  8 41 17 20 39 11 38 40  1 31  5  1  9 46 22 22 10 38 11 12 44
  22 45 46 43 37 11  2]]"
0.3919999897480011,140.95799255371094,0.7436,"[[41 10  4  3 33 25 10 18 11 47 48  9 20  4 23 23 16 18 22 18 21 43 22 39
  41 18 33 19 49  0  0]]"
0.8880000114440918,129.21800231933594,0.911,"[[33 25 13 29 34 39 30 38 11 32 48 23 20  5  7  9 45 18 22 36 38 43 44 44
  22 18 11 19 49  0  0]]"
0.5239999890327454,522.6619873046875,0.6323,"[[41 46 25 19 39 39 20 39 11  1 48 33 20  7 23 23 45 18  6 24 42 14 44 36
  20 18 46 19 49  0  0]]"
0.41100001335144043,581.155029296875,0.5712,"[[10 47  1 19 29 31 42 11  2 24  6 22  7 35 26 47 42  4 42  4 19 18 43 30
  32 30 32 14 42 45 12]]"
0.8709999918937683,96.2699966430664,0.9185,"[[41  8  5 26 17 45  4 26 14 38 48 16 20  7 25 23 45 18 22 24 42 14 43 46
  19 18 33 35 49  0  0]]"
0.8619999885559082,132.37399291992188,0.9011,"[[41 46 18 42 41 34 15 26 11  1 48 41 20  5 23 29 44 18 22 24 42 14 43 44
  20 18  4 19 29 30 15]]"
0.8659999966621399,68.57499694824219,0.9279,"[[41  8 25  8 34 25 20 38 34  1 48 44 20 14 24 23 45 18 20 49  0  0  0  0
   0  0  0  0  0  0  0]]"
0.4129999876022339,840.2030029296875,0.4683,"[[41 15  9 43 37  8 15 24 49  0  0  0  0  0  0  0  0  0  0  0  0  0  0  0
   0  0  0  0  0  0  0]]"
0.8450000286102295,784.64697265625,0.6345,"[[32 20 29 21 31 10  9 18  1 49  0  0  0  0  0  0  0  0  0  0  0  0  0  0
   0  0  0  0  0  0  0]]"
0.734000027179718,445.5539855957031,0.7331,"[[37  9 43 21 48 33 10 26 43 14 15 15 15 34  6  9 43  6 27 47 43 12 10 44
  22 33 44 10 48 17 41]]"
0.4090000092983246,496.41400146484375,0.6044,"[[41 25 13  8 48  7 21  5 34 14 48 44 20  5 45 33 47 18 22 36 42 14 43 26
  29 35 33 19 49  0  0]]"
0.8920000195503235,66.19999694824219,0.9375,"[[41 48 18 33 34 14 20 38 34  1 12  6 20  5 24  8 47 18 44 24 42 43 43 22
  14 35  5 19  4 11 15]]"
0.41100001335144043,96.7959976196289,0.7649,"[[41 29 35  8 47 34 20 34 11  1 48  8 20 42 45 23 47 45 44 36 42 14 29 10
  20 18 33 19  2 17 15]]"
0.5059999823570251,836.1799926757812,0.5009,"[[27  9  1 14 35 40 11 23 36  1  7  8 42 22 46 17 20 39  8 49  0  0  0  0
   0  0  0  0  0  0  0]]"
0.824999988079071,211.02200317382812,0.8573,"[[41 22 42  8  4 39 23 20 45 47 48 18 46  3 26  8 45 35  6  4 24 14 43 21
  19  1 43 19 37 27 15]]"
0.4090000092983246,631.85302734375,0.5503,"[[ 1 10  4 42  4 17 20 38 47  1 48  7 20  7  9 23  6 38 22 24 42 14 43 10
  14 18 39 19 49  0  0]]"
0.8029999732971191,231.2519989013672,0.8418,"[[ 1  8 42  8 17  7 20 43  3  5 48 45 20  3  7 23  4  9 22 16 38 14 43 16
   7 35 10 19 49  0  0]]"
0.4129999876022339,175.87399291992188,0.734,"[[38  5 42 47  2 25  8  9 11 47 48 32 28 39 12 19 45  9 22 24 32 14 43 29
   8 35 38 19 48 21 24]]"
0.8019999861717224,603.43798828125,0.6926,"[[39  6 29 17 41 47  2 17  7 34 43 41 25 48 26 20 27 15 45  4 26 39 48 13
  42  3 26 24 48 23  4]]"
